,Word Count,Unique Words,Characters,Average Word Lengths,Hapax Legomenons,Sentence Count,Average Sentence Length,Punctuation Marks,Stop Words,Questions,First Person Pronouns
0,75.0,56.0,346.0,4.613333333333333,0.6266666666666667,8.0,9.375,10.0,22.0,0.0,4.0
1,271.0,103.0,1005.0,3.708487084870849,0.22140221402214022,11.0,24.636363636363637,99.0,58.0,0.0,2.0
2,458.0,143.0,1627.0,3.552401746724891,0.1615720524017467,17.0,26.941176470588236,115.0,137.0,0.0,8.0
3,114.0,75.0,587.0,5.149122807017544,0.47368421052631576,10.0,11.4,16.0,34.0,3.0,0.0
4,596.0,178.0,2395.0,4.018456375838926,0.18120805369127516,35.0,17.02857142857143,142.0,189.0,1.0,15.0
5,339.0,87.0,962.0,2.837758112094395,0.13274336283185842,8.0,42.375,166.0,32.0,0.0,2.0
6,6.0,6.0,23.0,3.8333333333333335,1.0,1.0,6.0,2.0,3.0,0.0,0.0
7,108.0,49.0,393.0,3.638888888888889,0.21296296296296297,8.0,13.5,25.0,35.0,0.0,0.0
8,49.0,30.0,125.0,2.5510204081632653,0.40816326530612246,5.0,9.8,24.0,4.0,0.0,0.0
9,700.0,162.0,2311.0,3.3014285714285716,0.10428571428571429,22.0,31.818181818181817,248.0,121.0,0.0,11.0
10,1.0,1.0,3.0,3.0,1.0,1.0,1.0,0.0,0.0,0.0,0.0
11,203.0,87.0,703.0,3.4630541871921183,0.2512315270935961,13.0,15.615384615384615,60.0,46.0,1.0,2.0
12,213.0,114.0,1217.0,5.713615023474178,0.3427230046948357,11.0,19.363636363636363,31.0,57.0,0.0,0.0
13,46.0,27.0,172.0,3.739130434782609,0.32608695652173914,3.0,15.333333333333334,6.0,19.0,1.0,0.0
14,1.0,1.0,3.0,3.0,1.0,1.0,1.0,0.0,0.0,0.0,0.0
15,425.0,182.0,2043.0,4.807058823529411,0.30117647058823527,31.0,13.709677419354838,52.0,118.0,0.0,6.0
16,152.0,73.0,569.0,3.7434210526315788,0.3355263157894737,16.0,9.5,30.0,39.0,1.0,3.0
17,111.0,67.0,587.0,5.288288288288288,0.4144144144144144,8.0,13.875,14.0,35.0,2.0,4.0
18,229.0,116.0,1239.0,5.4104803493449785,0.34934497816593885,10.0,22.9,25.0,82.0,1.0,0.0
19,20.0,13.0,52.0,2.6,0.45,3.0,6.666666666666667,6.0,4.0,0.0,0.0
20,95.0,58.0,426.0,4.484210526315789,0.43157894736842106,5.0,19.0,13.0,33.0,0.0,2.0
21,207.0,114.0,944.0,4.5603864734299515,0.37681159420289856,14.0,14.785714285714286,32.0,59.0,0.0,5.0
22,410.0,193.0,2287.0,5.578048780487805,0.32682926829268294,23.0,17.82608695652174,54.0,141.0,0.0,4.0
23,59.0,47.0,261.0,4.423728813559322,0.6779661016949152,3.0,19.666666666666668,10.0,25.0,0.0,0.0
24,4.0,4.0,10.0,2.5,1.0,1.0,4.0,2.0,1.0,0.0,0.0
25,55.0,28.0,166.0,3.018181818181818,0.2727272727272727,2.0,27.5,15.0,16.0,0.0,0.0
26,331.0,92.0,950.0,2.8700906344410875,0.12386706948640483,11.0,30.09090909090909,136.0,43.0,0.0,4.0
27,278.0,108.0,1035.0,3.723021582733813,0.21223021582733814,20.0,13.9,69.0,80.0,0.0,8.0
28,4.0,4.0,15.0,3.75,1.0,1.0,4.0,1.0,1.0,0.0,0.0
29,102.0,56.0,437.0,4.284313725490196,0.3333333333333333,10.0,10.2,22.0,32.0,0.0,3.0
30,229.0,108.0,829.0,3.6200873362445414,0.30131004366812225,19.0,12.052631578947368,67.0,47.0,0.0,6.0
31,232.0,105.0,1105.0,4.762931034482759,0.2801724137931034,9.0,25.77777777777778,37.0,79.0,0.0,4.0
32,468.0,223.0,2511.0,5.365384615384615,0.3311965811965812,25.0,18.72,44.0,170.0,0.0,6.0
33,656.0,159.0,2207.0,3.364329268292683,0.11890243902439024,38.0,17.263157894736842,237.0,109.0,0.0,11.0
34,556.0,266.0,3264.0,5.870503597122302,0.3183453237410072,38.0,14.631578947368421,81.0,148.0,0.0,8.0
35,282.0,120.0,1388.0,4.921985815602837,0.24113475177304963,15.0,18.8,36.0,97.0,0.0,3.0
36,402.0,113.0,1552.0,3.8606965174129355,0.13432835820895522,25.0,16.08,89.0,127.0,0.0,11.0
37,7.0,7.0,45.0,6.428571428571429,1.0,1.0,7.0,2.0,1.0,0.0,0.0
38,19.0,18.0,101.0,5.315789473684211,0.8947368421052632,2.0,9.5,3.0,7.0,0.0,1.0
39,436.0,177.0,1901.0,4.360091743119266,0.25229357798165136,21.0,20.761904761904763,112.0,115.0,0.0,6.0
40,265.0,115.0,1165.0,4.39622641509434,0.2679245283018868,16.0,16.5625,71.0,71.0,0.0,2.0
41,528.0,141.0,2572.0,4.871212121212121,0.14204545454545456,27.0,19.555555555555557,181.0,107.0,0.0,0.0
42,177.0,94.0,860.0,4.858757062146893,0.3163841807909605,11.0,16.09090909090909,19.0,60.0,2.0,2.0
43,104.0,48.0,314.0,3.019230769230769,0.28846153846153844,2.0,52.0,51.0,11.0,0.0,0.0
44,263.0,153.0,1527.0,5.806083650190114,0.43346007604562736,19.0,13.842105263157896,36.0,75.0,0.0,3.0
45,847.0,277.0,3600.0,4.250295159386068,0.19480519480519481,63.0,13.444444444444445,196.0,177.0,1.0,13.0
46,227.0,102.0,790.0,3.4801762114537445,0.2555066079295154,13.0,17.46153846153846,77.0,36.0,1.0,5.0
47,233.0,66.0,647.0,2.776824034334764,0.14163090128755365,15.0,15.533333333333333,78.0,43.0,0.0,1.0
48,94.0,57.0,445.0,4.73404255319149,0.44680851063829785,7.0,13.428571428571429,14.0,29.0,0.0,1.0
49,13.0,12.0,41.0,3.1538461538461537,0.8461538461538461,1.0,13.0,4.0,4.0,0.0,0.0
50,529.0,174.0,1897.0,3.5860113421550093,0.21172022684310018,40.0,13.225,221.0,69.0,0.0,4.0
51,193.0,111.0,946.0,4.901554404145077,0.43523316062176165,13.0,14.846153846153847,26.0,64.0,1.0,3.0
52,166.0,92.0,924.0,5.566265060240964,0.3493975903614458,11.0,15.090909090909092,19.0,56.0,2.0,1.0
53,222.0,101.0,865.0,3.8963963963963963,0.3063063063063063,13.0,17.076923076923077,57.0,35.0,0.0,1.0
54,168.0,65.0,463.0,2.755952380952381,0.21428571428571427,11.0,15.272727272727273,71.0,27.0,0.0,3.0
55,334.0,139.0,1485.0,4.446107784431137,0.2634730538922156,19.0,17.57894736842105,61.0,76.0,0.0,4.0
56,10.0,10.0,37.0,3.7,1.0,1.0,10.0,2.0,3.0,0.0,0.0
57,495.0,205.0,2575.0,5.202020202020202,0.2585858585858586,36.0,13.75,67.0,164.0,2.0,6.0
58,294.0,91.0,1163.0,3.95578231292517,0.13945578231292516,19.0,15.473684210526315,80.0,66.0,0.0,3.0
59,4.0,4.0,10.0,2.5,1.0,1.0,4.0,2.0,1.0,0.0,0.0
60,1127.0,177.0,3641.0,3.230700976042591,0.061224489795918366,33.0,34.15151515151515,509.0,143.0,0.0,7.0
61,4.0,4.0,10.0,2.5,1.0,1.0,4.0,2.0,1.0,0.0,0.0
62,184.0,72.0,658.0,3.5760869565217392,0.18478260869565216,10.0,18.4,64.0,34.0,0.0,3.0
63,331.0,95.0,986.0,2.9788519637462234,0.1419939577039275,16.0,20.6875,117.0,43.0,3.0,3.0
64,199.0,120.0,1033.0,5.190954773869347,0.4623115577889447,14.0,14.214285714285714,41.0,52.0,1.0,5.0
65,695.0,137.0,2155.0,3.1007194244604315,0.09928057553956834,28.0,24.821428571428573,232.0,154.0,0.0,10.0
66,295.0,128.0,1331.0,4.511864406779661,0.24745762711864408,22.0,13.409090909090908,47.0,92.0,1.0,5.0
67,1063.0,196.0,3272.0,3.0780809031044214,0.08748824082784572,72.0,14.76388888888889,394.0,193.0,1.0,21.0
68,209.0,116.0,1216.0,5.818181818181818,0.3875598086124402,12.0,17.416666666666668,29.0,65.0,1.0,3.0
69,143.0,77.0,659.0,4.608391608391608,0.35664335664335667,12.0,11.916666666666666,29.0,32.0,0.0,1.0
70,47.0,33.0,186.0,3.9574468085106385,0.5106382978723404,5.0,9.4,9.0,12.0,0.0,0.0
71,548.0,144.0,2165.0,3.9507299270072993,0.12226277372262774,33.0,16.606060606060606,124.0,166.0,0.0,11.0
72,158.0,67.0,635.0,4.018987341772152,0.25949367088607594,8.0,19.75,53.0,16.0,0.0,2.0
73,23.0,20.0,145.0,6.304347826086956,0.782608695652174,3.0,7.666666666666667,5.0,4.0,0.0,0.0
74,128.0,74.0,569.0,4.4453125,0.421875,15.0,8.533333333333333,24.0,28.0,4.0,1.0
75,266.0,107.0,1069.0,4.018796992481203,0.22556390977443608,22.0,12.090909090909092,44.0,78.0,1.0,9.0
76,87.0,51.0,349.0,4.011494252873563,0.367816091954023,6.0,14.5,16.0,24.0,0.0,0.0
77,445.0,88.0,1160.0,2.606741573033708,0.07865168539325842,4.0,111.25,236.0,18.0,0.0,0.0
78,635.0,190.0,2882.0,4.538582677165354,0.13858267716535433,37.0,17.16216216216216,104.0,172.0,2.0,9.0
79,570.0,110.0,1856.0,3.256140350877193,0.08421052631578947,17.0,33.529411764705884,228.0,56.0,0.0,9.0
80,134.0,58.0,481.0,3.58955223880597,0.22388059701492538,7.0,19.142857142857142,33.0,34.0,1.0,1.0
81,195.0,95.0,823.0,4.220512820512821,0.3435897435897436,13.0,15.0,49.0,52.0,0.0,4.0
82,165.0,96.0,704.0,4.266666666666667,0.4,8.0,20.625,30.0,46.0,0.0,4.0
83,477.0,205.0,2401.0,5.033542976939203,0.28721174004192873,26.0,18.346153846153847,53.0,150.0,0.0,6.0
84,423.0,104.0,1826.0,4.31678486997636,0.1111111111111111,31.0,13.64516129032258,70.0,128.0,2.0,2.0
85,44.0,31.0,231.0,5.25,0.5,2.0,22.0,4.0,17.0,0.0,0.0
86,353.0,102.0,811.0,2.2974504249291785,0.16997167138810199,8.0,44.125,170.0,9.0,0.0,0.0
87,460.0,135.0,1632.0,3.5478260869565217,0.14347826086956522,17.0,27.058823529411764,128.0,108.0,1.0,8.0
88,108.0,76.0,586.0,5.425925925925926,0.5648148148148148,8.0,13.5,14.0,32.0,1.0,3.0
89,513.0,152.0,2583.0,5.035087719298246,0.1442495126705653,33.0,15.545454545454545,81.0,176.0,1.0,2.0
90,268.0,122.0,1348.0,5.029850746268656,0.2462686567164179,14.0,19.142857142857142,43.0,83.0,0.0,4.0
91,2331.0,467.0,9035.0,3.876018876018876,0.11583011583011583,100.0,23.31,602.0,367.0,0.0,25.0
92,840.0,157.0,2770.0,3.2976190476190474,0.08571428571428572,15.0,56.0,391.0,124.0,0.0,4.0
93,6.0,4.0,16.0,2.6666666666666665,0.3333333333333333,1.0,6.0,3.0,1.0,0.0,0.0
94,538.0,165.0,1838.0,3.41635687732342,0.1579925650557621,14.0,38.42857142857143,182.0,67.0,1.0,7.0
95,301.0,155.0,1672.0,5.554817275747508,0.3388704318936877,19.0,15.842105263157896,51.0,58.0,0.0,3.0
96,135.0,70.0,416.0,3.0814814814814815,0.3111111111111111,7.0,19.285714285714285,56.0,20.0,0.0,2.0
97,1.0,1.0,3.0,3.0,1.0,1.0,1.0,0.0,0.0,0.0,0.0
98,111.0,71.0,532.0,4.792792792792793,0.4774774774774775,12.0,9.25,15.0,33.0,1.0,5.0
99,4.0,4.0,11.0,2.75,1.0,1.0,4.0,2.0,1.0,0.0,0.0
100,8.0,8.0,34.0,4.25,1.0,1.0,8.0,2.0,3.0,0.0,0.0
101,489.0,151.0,2155.0,4.406952965235174,0.15950920245398773,30.0,16.3,84.0,149.0,1.0,5.0
102,46.0,27.0,151.0,3.282608695652174,0.34782608695652173,2.0,23.0,12.0,17.0,0.0,0.0
103,79.0,38.0,295.0,3.7341772151898733,0.27848101265822783,3.0,26.333333333333332,25.0,22.0,0.0,0.0
104,385.0,186.0,1788.0,4.644155844155844,0.3064935064935065,29.0,13.275862068965518,51.0,113.0,6.0,7.0
105,579.0,230.0,3167.0,5.469775474956822,0.2504317789291883,31.0,18.677419354838708,91.0,161.0,0.0,2.0
106,787.0,155.0,2536.0,3.2223634053367216,0.10038119440914867,22.0,35.77272727272727,335.0,109.0,0.0,2.0
107,152.0,81.0,602.0,3.960526315789474,0.3026315789473684,7.0,21.714285714285715,38.0,39.0,0.0,6.0
108,775.0,190.0,3120.0,4.025806451612903,0.1135483870967742,47.0,16.48936170212766,168.0,200.0,2.0,1.0
109,996.0,198.0,3820.0,3.8353413654618476,0.0893574297188755,50.0,19.92,216.0,246.0,5.0,10.0
110,394.0,201.0,2323.0,5.895939086294416,0.38071065989847713,29.0,13.586206896551724,59.0,97.0,0.0,6.0
111,1.0,1.0,3.0,3.0,1.0,1.0,1.0,0.0,0.0,0.0,0.0
112,535.0,178.0,3037.0,5.676635514018692,0.19439252336448598,31.0,17.258064516129032,101.0,140.0,0.0,1.0
113,1.0,1.0,3.0,3.0,1.0,1.0,1.0,0.0,0.0,0.0,0.0
114,360.0,141.0,1518.0,4.216666666666667,0.25555555555555554,23.0,15.652173913043478,70.0,132.0,0.0,5.0
115,95.0,54.0,330.0,3.473684210526316,0.3684210526315789,3.0,31.666666666666668,19.0,27.0,1.0,2.0
116,46.0,36.0,217.0,4.717391304347826,0.6086956521739131,3.0,15.333333333333334,6.0,17.0,0.0,0.0
117,1.0,1.0,3.0,3.0,1.0,1.0,1.0,0.0,0.0,0.0,0.0
118,188.0,99.0,894.0,4.75531914893617,0.3670212765957447,13.0,14.461538461538462,26.0,59.0,0.0,1.0
119,17.0,16.0,92.0,5.411764705882353,0.8823529411764706,1.0,17.0,3.0,5.0,0.0,2.0
120,144.0,80.0,755.0,5.243055555555555,0.4027777777777778,10.0,14.4,22.0,46.0,0.0,3.0
121,172.0,80.0,741.0,4.308139534883721,0.2616279069767442,8.0,21.5,33.0,57.0,0.0,1.0
122,70.0,38.0,275.0,3.9285714285714284,0.3,4.0,17.5,11.0,27.0,3.0,0.0
123,100.0,67.0,474.0,4.74,0.53,10.0,10.0,19.0,30.0,0.0,3.0
124,517.0,211.0,2837.0,5.48742746615087,0.27079303675048355,29.0,17.82758620689655,63.0,159.0,2.0,3.0
125,124.0,59.0,491.0,3.9596774193548385,0.3064516129032258,6.0,20.666666666666668,31.0,34.0,0.0,1.0
126,660.0,198.0,2760.0,4.181818181818182,0.15,45.0,14.666666666666666,212.0,142.0,1.0,4.0
127,349.0,170.0,1801.0,5.160458452722063,0.3524355300859599,19.0,18.36842105263158,52.0,110.0,0.0,4.0
128,163.0,80.0,578.0,3.5460122699386503,0.3067484662576687,12.0,13.583333333333334,48.0,38.0,1.0,5.0
129,461.0,138.0,1830.0,3.9696312364425164,0.16919739696312364,29.0,15.89655172413793,96.0,172.0,0.0,3.0
130,79.0,62.0,449.0,5.6835443037974684,0.6708860759493671,5.0,15.8,10.0,27.0,0.0,2.0
131,18.0,16.0,77.0,4.277777777777778,0.7777777777777778,3.0,6.0,4.0,4.0,0.0,0.0
132,229.0,119.0,1024.0,4.471615720524017,0.34934497816593885,14.0,16.357142857142858,39.0,71.0,1.0,6.0
133,486.0,136.0,2062.0,4.242798353909465,0.1419753086419753,30.0,16.2,67.0,142.0,2.0,11.0
134,83.0,49.0,373.0,4.493975903614458,0.3855421686746988,5.0,16.6,17.0,25.0,0.0,0.0
135,56.0,44.0,251.0,4.482142857142857,0.6428571428571429,3.0,18.666666666666668,4.0,24.0,1.0,1.0
136,176.0,85.0,692.0,3.9318181818181817,0.2727272727272727,9.0,19.555555555555557,41.0,40.0,1.0,6.0
137,4.0,4.0,10.0,2.5,1.0,1.0,4.0,2.0,1.0,0.0,0.0
138,40.0,30.0,198.0,4.95,0.625,3.0,13.333333333333334,6.0,12.0,0.0,0.0
139,199.0,87.0,692.0,3.477386934673367,0.2663316582914573,13.0,15.307692307692308,64.0,38.0,0.0,3.0
140,133.0,96.0,727.0,5.466165413533835,0.5864661654135338,9.0,14.777777777777779,16.0,44.0,1.0,3.0
141,506.0,139.0,1926.0,3.8063241106719365,0.11857707509881422,31.0,16.322580645161292,156.0,118.0,1.0,5.0
142,4.0,4.0,10.0,2.5,1.0,1.0,4.0,2.0,1.0,0.0,0.0
143,186.0,90.0,836.0,4.494623655913978,0.2903225806451613,8.0,23.25,25.0,69.0,0.0,2.0
144,222.0,118.0,1199.0,5.400900900900901,0.36036036036036034,15.0,14.8,25.0,73.0,1.0,4.0
145,91.0,60.0,422.0,4.637362637362638,0.5384615384615384,9.0,10.11111111111111,17.0,29.0,0.0,3.0
146,1174.0,137.0,3314.0,2.8228279386712094,0.041737649063032366,37.0,31.72972972972973,580.0,207.0,0.0,7.0
147,15.0,15.0,66.0,4.4,1.0,1.0,15.0,2.0,5.0,0.0,1.0
148,310.0,178.0,1621.0,5.2290322580645165,0.432258064516129,24.0,12.916666666666666,40.0,91.0,2.0,3.0
149,33.0,25.0,144.0,4.363636363636363,0.6363636363636364,2.0,16.5,6.0,12.0,1.0,0.0
150,1070.0,179.0,3062.0,2.8616822429906543,0.08130841121495327,40.0,26.75,398.0,162.0,0.0,11.0
151,188.0,102.0,921.0,4.898936170212766,0.39361702127659576,15.0,12.533333333333333,30.0,60.0,1.0,3.0
152,159.0,90.0,824.0,5.182389937106918,0.4088050314465409,9.0,17.666666666666668,32.0,42.0,1.0,1.0
153,438.0,126.0,1671.0,3.815068493150685,0.1324200913242009,26.0,16.846153846153847,129.0,101.0,0.0,5.0
154,801.0,131.0,2448.0,3.056179775280899,0.06491885143570537,30.0,26.7,310.0,102.0,0.0,3.0
155,151.0,88.0,685.0,4.5364238410596025,0.39072847682119205,13.0,11.615384615384615,27.0,45.0,2.0,2.0
156,320.0,102.0,910.0,2.84375,0.171875,6.0,53.333333333333336,143.0,19.0,0.0,1.0
157,1502.0,244.0,5216.0,3.4727030625832223,0.0758988015978695,61.0,24.62295081967213,488.0,247.0,0.0,18.0
158,426.0,188.0,2064.0,4.845070422535211,0.29107981220657275,44.0,9.681818181818182,78.0,94.0,0.0,8.0
159,406.0,148.0,1937.0,4.770935960591133,0.19704433497536947,36.0,11.277777777777779,73.0,115.0,0.0,7.0
160,194.0,81.0,846.0,4.360824742268041,0.2268041237113402,13.0,14.923076923076923,38.0,47.0,1.0,1.0
161,630.0,139.0,2194.0,3.4825396825396826,0.08888888888888889,32.0,19.6875,167.0,160.0,1.0,8.0
162,176.0,79.0,666.0,3.784090909090909,0.2784090909090909,16.0,11.0,45.0,48.0,1.0,3.0
163,77.0,42.0,366.0,4.753246753246753,0.3116883116883117,6.0,12.833333333333334,8.0,32.0,0.0,0.0
164,1.0,1.0,3.0,3.0,1.0,1.0,1.0,0.0,0.0,0.0,0.0
165,102.0,73.0,492.0,4.823529411764706,0.6078431372549019,6.0,17.0,17.0,33.0,0.0,2.0
166,131.0,83.0,523.0,3.9923664122137406,0.48091603053435117,14.0,9.357142857142858,28.0,32.0,0.0,6.0
167,536.0,124.0,1621.0,3.0242537313432836,0.11007462686567164,22.0,24.363636363636363,237.0,62.0,0.0,5.0
168,300.0,159.0,1534.0,5.113333333333333,0.38,18.0,16.666666666666668,49.0,79.0,1.0,6.0
169,196.0,86.0,707.0,3.607142857142857,0.23979591836734693,10.0,19.6,56.0,51.0,2.0,3.0
170,375.0,149.0,1346.0,3.5893333333333333,0.24266666666666667,16.0,23.4375,115.0,75.0,0.0,2.0
171,492.0,167.0,1669.0,3.3922764227642275,0.19308943089430894,36.0,13.666666666666666,158.0,82.0,2.0,5.0
172,149.0,58.0,576.0,3.865771812080537,0.22818791946308725,7.0,21.285714285714285,24.0,42.0,1.0,1.0
173,435.0,199.0,2437.0,5.602298850574712,0.2896551724137931,32.0,13.59375,69.0,123.0,1.0,5.0
174,144.0,61.0,477.0,3.3125,0.2361111111111111,8.0,18.0,62.0,22.0,0.0,0.0
175,59.0,38.0,196.0,3.3220338983050848,0.4576271186440678,5.0,11.8,19.0,12.0,0.0,1.0
176,279.0,159.0,1484.0,5.318996415770609,0.44086021505376344,18.0,15.5,30.0,82.0,1.0,15.0
177,131.0,74.0,690.0,5.267175572519084,0.3969465648854962,9.0,14.555555555555555,15.0,50.0,2.0,4.0
178,221.0,86.0,803.0,3.6334841628959276,0.2081447963800905,11.0,20.09090909090909,73.0,59.0,0.0,1.0
179,259.0,114.0,1097.0,4.235521235521236,0.25096525096525096,18.0,14.38888888888889,42.0,88.0,1.0,9.0
180,94.0,41.0,394.0,4.191489361702128,0.2765957446808511,6.0,15.666666666666666,11.0,28.0,0.0,0.0
181,154.0,85.0,754.0,4.896103896103896,0.35714285714285715,12.0,12.833333333333334,29.0,44.0,0.0,4.0
182,242.0,85.0,958.0,3.958677685950413,0.1487603305785124,23.0,10.521739130434783,45.0,69.0,1.0,5.0
183,183.0,117.0,1049.0,5.73224043715847,0.4918032786885246,12.0,15.25,30.0,52.0,1.0,1.0
184,89.0,39.0,287.0,3.2247191011235956,0.2808988764044944,6.0,14.833333333333334,34.0,9.0,0.0,0.0
185,612.0,221.0,3446.0,5.630718954248366,0.20588235294117646,31.0,19.741935483870968,84.0,173.0,0.0,4.0
186,222.0,120.0,1013.0,4.563063063063063,0.34234234234234234,21.0,10.571428571428571,40.0,58.0,0.0,6.0
187,1.0,1.0,3.0,3.0,1.0,1.0,1.0,0.0,0.0,0.0,0.0
188,221.0,87.0,719.0,3.253393665158371,0.2171945701357466,19.0,11.631578947368421,75.0,20.0,0.0,1.0
189,370.0,128.0,1696.0,4.583783783783784,0.1837837837837838,27.0,13.703703703703704,60.0,111.0,0.0,10.0
190,209.0,79.0,766.0,3.665071770334928,0.19617224880382775,14.0,14.928571428571429,61.0,56.0,1.0,3.0
191,458.0,144.0,1808.0,3.947598253275109,0.15065502183406113,37.0,12.378378378378379,79.0,121.0,3.0,7.0
192,125.0,73.0,628.0,5.024,0.392,7.0,17.857142857142858,14.0,41.0,0.0,3.0
193,148.0,87.0,734.0,4.95945945945946,0.41216216216216217,9.0,16.444444444444443,21.0,45.0,0.0,2.0
194,148.0,80.0,708.0,4.783783783783784,0.38513513513513514,9.0,16.444444444444443,21.0,53.0,0.0,0.0
195,688.0,130.0,1884.0,2.738372093023256,0.09156976744186046,9.0,76.44444444444444,330.0,39.0,0.0,1.0
196,133.0,73.0,617.0,4.639097744360902,0.40601503759398494,11.0,12.090909090909092,18.0,34.0,0.0,3.0
197,182.0,63.0,731.0,4.016483516483516,0.14285714285714285,8.0,22.75,34.0,52.0,0.0,3.0
198,9.0,9.0,41.0,4.555555555555555,1.0,1.0,9.0,2.0,2.0,0.0,1.0
199,497.0,150.0,1899.0,3.8209255533199196,0.15694164989939638,35.0,14.2,108.0,146.0,2.0,9.0
200,186.0,71.0,666.0,3.5806451612903225,0.23118279569892472,8.0,23.25,66.0,33.0,1.0,3.0
201,371.0,69.0,910.0,2.452830188679245,0.05929919137466307,7.0,53.0,214.0,20.0,0.0,0.0
202,42.0,24.0,183.0,4.357142857142857,0.30952380952380953,2.0,21.0,7.0,16.0,0.0,0.0
203,247.0,97.0,935.0,3.785425101214575,0.22672064777327935,17.0,14.529411764705882,52.0,71.0,1.0,5.0
204,4.0,4.0,10.0,2.5,1.0,1.0,4.0,2.0,1.0,0.0,0.0
205,11.0,11.0,42.0,3.8181818181818183,1.0,1.0,11.0,2.0,4.0,1.0,0.0
206,56.0,38.0,203.0,3.625,0.5,5.0,11.2,20.0,9.0,0.0,1.0
207,80.0,45.0,333.0,4.1625,0.3875,7.0,11.428571428571429,22.0,18.0,0.0,1.0
208,470.0,221.0,2490.0,5.297872340425532,0.3170212765957447,30.0,15.666666666666666,63.0,122.0,0.0,9.0
209,37.0,30.0,202.0,5.45945945945946,0.6486486486486487,3.0,12.333333333333334,6.0,8.0,0.0,2.0
210,212.0,87.0,768.0,3.6226415094339623,0.2028301886792453,10.0,21.2,60.0,47.0,0.0,1.0
211,1.0,1.0,3.0,3.0,1.0,1.0,1.0,0.0,0.0,0.0,0.0
212,64.0,31.0,224.0,3.5,0.25,4.0,16.0,20.0,18.0,0.0,0.0
213,340.0,165.0,1978.0,5.817647058823529,0.3058823529411765,25.0,13.6,55.0,87.0,1.0,3.0
214,809.0,221.0,2821.0,3.487021013597033,0.1273176761433869,42.0,19.261904761904763,255.0,128.0,2.0,14.0
215,190.0,91.0,929.0,4.889473684210526,0.30526315789473685,13.0,14.615384615384615,29.0,63.0,0.0,2.0
216,320.0,87.0,1021.0,3.190625,0.159375,12.0,26.666666666666668,150.0,61.0,1.0,1.0
217,1.0,1.0,3.0,3.0,1.0,1.0,1.0,0.0,0.0,0.0,0.0
218,208.0,110.0,1100.0,5.288461538461538,0.3605769230769231,16.0,13.0,29.0,71.0,1.0,3.0
219,314.0,115.0,1180.0,3.7579617834394905,0.20063694267515925,15.0,20.933333333333334,105.0,64.0,0.0,6.0
220,223.0,83.0,676.0,3.031390134529148,0.21076233183856502,21.0,10.619047619047619,83.0,39.0,2.0,1.0
221,265.0,102.0,1338.0,5.049056603773585,0.2037735849056604,13.0,20.384615384615383,36.0,92.0,0.0,0.0
222,140.0,43.0,409.0,2.9214285714285713,0.16428571428571428,5.0,28.0,64.0,17.0,0.0,0.0
223,1.0,1.0,3.0,3.0,1.0,1.0,1.0,0.0,0.0,0.0,0.0
224,272.0,126.0,1473.0,5.415441176470588,0.30514705882352944,18.0,15.11111111111111,44.0,91.0,0.0,7.0
225,140.0,61.0,603.0,4.307142857142857,0.24285714285714285,13.0,10.76923076923077,19.0,48.0,3.0,6.0
226,155.0,81.0,772.0,4.980645161290322,0.33548387096774196,10.0,15.5,15.0,52.0,0.0,0.0
227,396.0,193.0,2151.0,5.431818181818182,0.3333333333333333,20.0,19.8,45.0,144.0,0.0,2.0
228,135.0,91.0,782.0,5.792592592592593,0.5259259259259259,12.0,11.25,17.0,35.0,0.0,0.0
229,256.0,130.0,1297.0,5.06640625,0.34765625,17.0,15.058823529411764,32.0,80.0,0.0,2.0
230,349.0,146.0,1872.0,5.363896848137536,0.24641833810888253,26.0,13.423076923076923,67.0,84.0,3.0,0.0
231,7.0,6.0,19.0,2.7142857142857144,0.7142857142857143,1.0,7.0,3.0,2.0,0.0,0.0
232,336.0,147.0,1790.0,5.3273809523809526,0.26785714285714285,24.0,14.0,46.0,100.0,1.0,15.0
233,556.0,234.0,3051.0,5.487410071942446,0.2733812949640288,34.0,16.352941176470587,85.0,152.0,1.0,2.0
234,433.0,184.0,2266.0,5.233256351039261,0.27713625866050806,31.0,13.96774193548387,65.0,115.0,1.0,1.0
235,633.0,254.0,3129.0,4.943127962085308,0.25908372827804105,45.0,14.066666666666666,109.0,188.0,1.0,3.0
236,20.0,17.0,107.0,5.35,0.7,2.0,10.0,3.0,6.0,0.0,0.0
237,48.0,44.0,1655.0,34.479166666666664,0.8541666666666666,3.0,16.0,2.0,0.0,0.0,0.0
238,342.0,177.0,2023.0,5.915204678362573,0.3538011695906433,18.0,19.0,45.0,106.0,0.0,6.0
239,1030.0,177.0,3017.0,2.929126213592233,0.07572815533980583,20.0,51.5,486.0,104.0,0.0,9.0
240,120.0,67.0,712.0,5.933333333333334,0.35,8.0,15.0,15.0,32.0,1.0,1.0
241,140.0,73.0,504.0,3.6,0.32857142857142857,10.0,14.0,37.0,37.0,0.0,0.0
242,310.0,116.0,1325.0,4.274193548387097,0.1774193548387097,18.0,17.22222222222222,53.0,76.0,2.0,2.0
243,267.0,116.0,1219.0,4.5655430711610485,0.2696629213483146,17.0,15.705882352941176,51.0,85.0,2.0,4.0
244,257.0,107.0,1295.0,5.038910505836576,0.25680933852140075,16.0,16.0625,42.0,89.0,1.0,4.0
245,142.0,74.0,499.0,3.5140845070422535,0.3732394366197183,10.0,14.2,50.0,20.0,0.0,1.0
246,119.0,85.0,617.0,5.184873949579832,0.5966386554621849,8.0,14.875,18.0,37.0,0.0,0.0
247,162.0,85.0,605.0,3.734567901234568,0.36419753086419754,7.0,23.142857142857142,55.0,26.0,0.0,1.0
248,87.0,45.0,349.0,4.011494252873563,0.2988505747126437,6.0,14.5,14.0,34.0,1.0,2.0
249,1.0,1.0,3.0,3.0,1.0,1.0,1.0,0.0,0.0,0.0,0.0
250,136.0,69.0,564.0,4.147058823529412,0.3161764705882353,7.0,19.428571428571427,25.0,40.0,1.0,0.0
251,330.0,95.0,955.0,2.893939393939394,0.1484848484848485,10.0,33.0,167.0,38.0,0.0,2.0
252,266.0,139.0,1412.0,5.30827067669173,0.3609022556390977,19.0,14.0,41.0,71.0,2.0,3.0
253,625.0,105.0,1663.0,2.6608,0.0544,22.0,28.40909090909091,256.0,73.0,0.0,3.0
254,930.0,148.0,2677.0,2.878494623655914,0.07741935483870968,35.0,26.571428571428573,433.0,230.0,4.0,5.0
255,160.0,97.0,656.0,4.1,0.4625,20.0,8.0,45.0,35.0,1.0,5.0
256,250.0,97.0,966.0,3.864,0.216,23.0,10.869565217391305,74.0,42.0,0.0,4.0
257,18.0,16.0,108.0,6.0,0.8333333333333334,1.0,18.0,2.0,6.0,0.0,0.0
258,109.0,63.0,516.0,4.73394495412844,0.41284403669724773,7.0,15.571428571428571,17.0,35.0,1.0,0.0
259,436.0,181.0,2294.0,5.261467889908257,0.23623853211009174,39.0,11.179487179487179,65.0,123.0,0.0,4.0
260,254.0,97.0,939.0,3.6968503937007875,0.2283464566929134,16.0,15.875,85.0,47.0,1.0,4.0
261,150.0,69.0,826.0,5.506666666666667,0.25333333333333335,11.0,13.636363636363637,20.0,46.0,1.0,1.0
262,93.0,30.0,264.0,2.838709677419355,0.07526881720430108,4.0,23.25,18.0,30.0,0.0,0.0
263,260.0,134.0,1393.0,5.357692307692307,0.35,17.0,15.294117647058824,38.0,81.0,3.0,4.0
264,1238.0,203.0,3811.0,3.0783521809369954,0.07350565428109855,40.0,30.95,531.0,193.0,0.0,18.0
265,48.0,33.0,191.0,3.9791666666666665,0.5625,5.0,9.6,19.0,3.0,1.0,0.0
266,432.0,132.0,1530.0,3.5416666666666665,0.1550925925925926,23.0,18.782608695652176,163.0,66.0,0.0,3.0
267,8.0,8.0,32.0,4.0,1.0,1.0,8.0,2.0,3.0,0.0,1.0
268,60.0,33.0,272.0,4.533333333333333,0.36666666666666664,4.0,15.0,12.0,15.0,1.0,0.0
269,229.0,136.0,1209.0,5.279475982532751,0.45414847161572053,13.0,17.615384615384617,47.0,53.0,0.0,0.0
270,165.0,90.0,639.0,3.8727272727272726,0.34545454545454546,12.0,13.75,36.0,38.0,1.0,3.0
271,140.0,71.0,601.0,4.292857142857143,0.30714285714285716,8.0,17.5,31.0,50.0,1.0,0.0
272,44.0,28.0,167.0,3.7954545454545454,0.4772727272727273,4.0,11.0,7.0,11.0,0.0,0.0
273,682.0,221.0,3693.0,5.414956011730205,0.18035190615835778,36.0,18.944444444444443,89.0,198.0,0.0,3.0
274,197.0,71.0,711.0,3.6091370558375635,0.17766497461928935,12.0,16.416666666666668,57.0,54.0,0.0,0.0
275,361.0,143.0,1879.0,5.204986149584488,0.2188365650969529,20.0,18.05,44.0,125.0,2.0,3.0
276,527.0,217.0,2646.0,5.020872865275142,0.2504743833017078,29.0,18.17241379310345,65.0,141.0,2.0,13.0
277,44.0,26.0,137.0,3.1136363636363638,0.36363636363636365,1.0,44.0,12.0,15.0,0.0,0.0
278,29.0,19.0,519.0,17.896551724137932,0.5862068965517241,1.0,29.0,0.0,0.0,0.0,0.0
279,1009.0,131.0,2666.0,2.6422200198216057,0.06442021803766106,26.0,38.80769230769231,601.0,74.0,0.0,3.0
280,356.0,127.0,1379.0,3.8735955056179776,0.21629213483146068,17.0,20.941176470588236,62.0,115.0,0.0,8.0
281,455.0,157.0,1902.0,4.1802197802197805,0.17582417582417584,24.0,18.958333333333332,112.0,124.0,0.0,9.0
282,1.0,1.0,3.0,3.0,1.0,1.0,1.0,0.0,0.0,0.0,0.0
283,1.0,1.0,3.0,3.0,1.0,1.0,1.0,0.0,0.0,0.0,0.0
284,350.0,133.0,1440.0,4.114285714285714,0.19714285714285715,18.0,19.444444444444443,63.0,120.0,2.0,6.0
285,126.0,73.0,601.0,4.76984126984127,0.40476190476190477,10.0,12.6,23.0,38.0,2.0,2.0
286,332.0,164.0,1804.0,5.433734939759036,0.32228915662650603,20.0,16.6,36.0,108.0,2.0,9.0
287,38.0,28.0,154.0,4.052631578947368,0.5526315789473685,2.0,19.0,5.0,13.0,0.0,0.0
288,278.0,95.0,1373.0,4.938848920863309,0.19424460431654678,15.0,18.533333333333335,37.0,110.0,2.0,2.0
289,107.0,48.0,407.0,3.803738317757009,0.21495327102803738,6.0,17.833333333333332,23.0,34.0,1.0,0.0
290,91.0,53.0,395.0,4.34065934065934,0.38461538461538464,4.0,22.75,15.0,21.0,0.0,1.0
291,63.0,43.0,254.0,4.031746031746032,0.47619047619047616,3.0,21.0,13.0,18.0,1.0,1.0
292,355.0,173.0,2159.0,6.081690140845071,0.30704225352112674,17.0,20.88235294117647,50.0,85.0,0.0,3.0
293,399.0,190.0,2397.0,6.007518796992481,0.2957393483709273,25.0,15.96,58.0,98.0,0.0,2.0
294,259.0,143.0,1331.0,5.138996138996139,0.39768339768339767,18.0,14.38888888888889,31.0,85.0,0.0,4.0
295,78.0,44.0,284.0,3.641025641025641,0.3076923076923077,9.0,8.666666666666666,20.0,7.0,1.0,0.0
296,108.0,67.0,539.0,4.9907407407407405,0.4166666666666667,6.0,18.0,13.0,39.0,1.0,1.0
297,429.0,73.0,1093.0,2.5477855477855478,0.046620046620046623,2.0,214.5,210.0,10.0,0.0,0.0
298,1090.0,174.0,5899.0,5.411926605504587,0.06880733944954129,66.0,16.515151515151516,178.0,328.0,0.0,4.0
299,40.0,33.0,190.0,4.75,0.7,3.0,13.333333333333334,7.0,9.0,0.0,0.0
300,366.0,120.0,1407.0,3.8442622950819674,0.1721311475409836,12.0,30.5,133.0,89.0,1.0,3.0
301,128.0,71.0,566.0,4.421875,0.34375,8.0,16.0,31.0,31.0,1.0,1.0
302,114.0,52.0,434.0,3.807017543859649,0.2894736842105263,5.0,22.8,31.0,16.0,0.0,0.0
303,159.0,79.0,746.0,4.6918238993710695,0.3270440251572327,14.0,11.357142857142858,54.0,28.0,0.0,1.0
304,491.0,155.0,1864.0,3.796334012219959,0.164969450101833,23.0,21.347826086956523,119.0,137.0,1.0,4.0
305,91.0,54.0,469.0,5.153846153846154,0.4175824175824176,7.0,13.0,24.0,24.0,0.0,0.0
306,686.0,135.0,2054.0,2.9941690962099123,0.08892128279883382,17.0,40.35294117647059,362.0,77.0,0.0,8.0
307,341.0,137.0,1701.0,4.988269794721408,0.2404692082111437,16.0,21.3125,48.0,116.0,0.0,3.0
308,685.0,170.0,2567.0,3.7474452554744526,0.11532846715328467,40.0,17.125,228.0,134.0,0.0,10.0
309,86.0,44.0,265.0,3.0813953488372094,0.3023255813953488,4.0,21.5,28.0,19.0,0.0,0.0
310,339.0,169.0,1759.0,5.188790560471976,0.32448377581120946,19.0,17.842105263157894,47.0,99.0,0.0,4.0
311,98.0,55.0,383.0,3.9081632653061225,0.3877551020408163,6.0,16.333333333333332,20.0,37.0,1.0,1.0
312,1.0,1.0,3.0,3.0,1.0,1.0,1.0,0.0,0.0,0.0,0.0
313,127.0,60.0,587.0,4.622047244094488,0.2992125984251969,14.0,9.071428571428571,22.0,30.0,0.0,2.0
314,108.0,58.0,438.0,4.055555555555555,0.32407407407407407,4.0,27.0,27.0,36.0,1.0,3.0
315,35.0,27.0,133.0,3.8,0.6571428571428571,1.0,35.0,6.0,9.0,0.0,1.0
316,671.0,124.0,1942.0,2.894187779433681,0.07749627421758569,41.0,16.365853658536587,296.0,79.0,0.0,6.0
317,259.0,124.0,1263.0,4.876447876447877,0.305019305019305,15.0,17.266666666666666,39.0,88.0,1.0,0.0
318,35.0,26.0,150.0,4.285714285714286,0.5428571428571428,5.0,7.0,9.0,9.0,1.0,2.0
319,156.0,79.0,659.0,4.2243589743589745,0.2948717948717949,8.0,19.5,32.0,45.0,0.0,3.0
320,108.0,54.0,465.0,4.305555555555555,0.3148148148148148,8.0,13.5,26.0,32.0,0.0,0.0
321,12.0,12.0,60.0,5.0,1.0,1.0,12.0,2.0,3.0,0.0,0.0
322,206.0,80.0,630.0,3.058252427184466,0.22815533980582525,12.0,17.166666666666668,87.0,41.0,1.0,2.0
323,58.0,42.0,214.0,3.689655172413793,0.5517241379310345,3.0,19.333333333333332,14.0,17.0,0.0,3.0
324,604.0,216.0,2529.0,4.187086092715232,0.19536423841059603,47.0,12.851063829787234,121.0,168.0,3.0,7.0
325,471.0,234.0,2624.0,5.571125265392781,0.3503184713375796,27.0,17.444444444444443,51.0,153.0,1.0,3.0
326,61.0,36.0,201.0,3.2950819672131146,0.39344262295081966,7.0,8.714285714285714,19.0,13.0,1.0,1.0
327,175.0,81.0,727.0,4.154285714285714,0.2571428571428571,20.0,8.75,41.0,30.0,1.0,3.0
328,183.0,81.0,599.0,3.273224043715847,0.2568306010928962,10.0,18.3,59.0,32.0,0.0,1.0
329,103.0,57.0,379.0,3.679611650485437,0.3786407766990291,8.0,12.875,24.0,28.0,0.0,1.0
330,295.0,133.0,1711.0,5.8,0.25084745762711863,22.0,13.409090909090908,47.0,78.0,4.0,1.0
331,421.0,210.0,2280.0,5.415676959619953,0.37054631828978624,29.0,14.517241379310345,51.0,132.0,1.0,3.0
332,250.0,80.0,867.0,3.468,0.172,12.0,20.833333333333332,68.0,73.0,0.0,3.0
333,712.0,184.0,3232.0,4.53932584269663,0.12219101123595505,27.0,26.37037037037037,129.0,241.0,5.0,10.0
334,614.0,216.0,3113.0,5.070032573289902,0.2003257328990228,36.0,17.055555555555557,80.0,215.0,2.0,2.0
335,126.0,64.0,620.0,4.920634920634921,0.3333333333333333,11.0,11.454545454545455,19.0,44.0,0.0,3.0
336,346.0,188.0,2047.0,5.916184971098266,0.3786127167630058,23.0,15.043478260869565,43.0,108.0,1.0,4.0
337,57.0,48.0,276.0,4.842105263157895,0.7543859649122807,3.0,19.0,8.0,19.0,0.0,3.0
338,243.0,74.0,916.0,3.769547325102881,0.12757201646090535,22.0,11.045454545454545,47.0,54.0,0.0,0.0
339,74.0,57.0,391.0,5.283783783783784,0.6756756756756757,4.0,18.5,10.0,24.0,0.0,1.0
340,276.0,147.0,1589.0,5.757246376811594,0.391304347826087,14.0,19.714285714285715,41.0,76.0,0.0,1.0
341,174.0,88.0,890.0,5.114942528735632,0.3505747126436782,10.0,17.4,23.0,71.0,0.0,2.0
342,140.0,83.0,781.0,5.578571428571428,0.45714285714285713,8.0,17.5,15.0,50.0,0.0,1.0
343,7.0,7.0,28.0,4.0,1.0,1.0,7.0,2.0,2.0,1.0,0.0
344,654.0,154.0,1945.0,2.974006116207951,0.13302752293577982,43.0,15.209302325581396,289.0,88.0,2.0,7.0
345,718.0,110.0,1786.0,2.487465181058496,0.06545961002785515,20.0,35.9,358.0,48.0,0.0,2.0
346,422.0,116.0,1560.0,3.6966824644549763,0.11374407582938388,23.0,18.347826086956523,92.0,92.0,0.0,4.0
347,352.0,109.0,1498.0,4.255681818181818,0.13636363636363635,37.0,9.513513513513514,58.0,111.0,3.0,5.0
348,26.0,24.0,123.0,4.730769230769231,0.8461538461538461,2.0,13.0,4.0,10.0,1.0,1.0
349,207.0,117.0,1042.0,5.033816425120773,0.3961352657004831,15.0,13.8,28.0,61.0,0.0,3.0
350,400.0,188.0,2088.0,5.22,0.335,22.0,18.181818181818183,50.0,138.0,0.0,6.0
351,86.0,62.0,400.0,4.651162790697675,0.5697674418604651,6.0,14.333333333333334,12.0,26.0,0.0,4.0
352,440.0,139.0,1641.0,3.7295454545454545,0.1340909090909091,24.0,18.333333333333332,119.0,108.0,2.0,5.0
353,181.0,88.0,844.0,4.662983425414365,0.3314917127071823,16.0,11.3125,26.0,54.0,1.0,6.0
354,238.0,81.0,843.0,3.542016806722689,0.16806722689075632,10.0,23.8,94.0,46.0,0.0,3.0
355,804.0,184.0,2953.0,3.6728855721393034,0.11567164179104478,49.0,16.408163265306122,237.0,212.0,1.0,3.0
356,818.0,139.0,2440.0,2.9828850855745723,0.07579462102689487,42.0,19.476190476190474,300.0,152.0,1.0,13.0
357,150.0,71.0,505.0,3.3666666666666667,0.24,4.0,37.5,55.0,14.0,0.0,1.0
358,393.0,185.0,2094.0,5.32824427480916,0.3104325699745547,22.0,17.863636363636363,47.0,125.0,0.0,5.0
359,4.0,4.0,10.0,2.5,1.0,1.0,4.0,2.0,1.0,0.0,0.0
360,245.0,120.0,1393.0,5.685714285714286,0.3142857142857143,15.0,16.333333333333332,39.0,67.0,3.0,1.0
361,782.0,249.0,3877.0,4.957800511508951,0.18414322250639387,63.0,12.412698412698413,128.0,222.0,3.0,1.0
362,88.0,59.0,326.0,3.7045454545454546,0.48863636363636365,5.0,17.6,18.0,28.0,1.0,3.0
363,427.0,112.0,1375.0,3.2201405152224822,0.1451990632318501,34.0,12.558823529411764,161.0,56.0,0.0,4.0
364,87.0,66.0,508.0,5.839080459770115,0.5977011494252874,6.0,14.5,9.0,27.0,1.0,4.0
365,146.0,70.0,609.0,4.171232876712328,0.2876712328767123,8.0,18.25,25.0,43.0,1.0,3.0
366,959.0,207.0,3325.0,3.4671532846715327,0.09071949947862357,54.0,17.75925925925926,260.0,188.0,0.0,10.0
367,382.0,106.0,1230.0,3.2198952879581153,0.11518324607329843,22.0,17.363636363636363,115.0,105.0,1.0,9.0
368,101.0,66.0,487.0,4.821782178217822,0.5445544554455446,8.0,12.625,21.0,23.0,1.0,1.0
369,272.0,111.0,1207.0,4.4375,0.1948529411764706,16.0,17.0,46.0,91.0,3.0,0.0
370,120.0,67.0,434.0,3.6166666666666667,0.375,16.0,7.5,37.0,16.0,2.0,1.0
371,622.0,272.0,3313.0,5.326366559485531,0.297427652733119,54.0,11.518518518518519,107.0,150.0,1.0,4.0
372,786.0,162.0,2528.0,3.2162849872773536,0.0916030534351145,47.0,16.72340425531915,270.0,126.0,1.0,11.0
373,149.0,92.0,762.0,5.114093959731544,0.47651006711409394,7.0,21.285714285714285,21.0,52.0,1.0,0.0
374,679.0,205.0,2402.0,3.5375552282768776,0.16642120765832105,41.0,16.5609756097561,193.0,154.0,1.0,11.0
375,159.0,99.0,781.0,4.911949685534591,0.4591194968553459,9.0,17.666666666666668,30.0,47.0,0.0,3.0
376,95.0,62.0,411.0,4.326315789473684,0.4421052631578947,8.0,11.875,20.0,19.0,0.0,2.0
377,22.0,17.0,84.0,3.8181818181818183,0.6818181818181818,1.0,22.0,6.0,8.0,0.0,0.0
378,49.0,25.0,192.0,3.9183673469387754,0.2857142857142857,5.0,9.8,13.0,10.0,0.0,1.0
379,10.0,10.0,46.0,4.6,1.0,1.0,10.0,2.0,2.0,0.0,1.0
380,10.0,10.0,46.0,4.6,1.0,1.0,10.0,2.0,4.0,0.0,0.0
381,182.0,109.0,1011.0,5.554945054945055,0.42857142857142855,12.0,15.166666666666666,30.0,43.0,0.0,2.0
382,305.0,109.0,1115.0,3.6557377049180326,0.16721311475409836,17.0,17.941176470588236,112.0,73.0,1.0,1.0
383,93.0,63.0,467.0,5.021505376344086,0.5376344086021505,7.0,13.285714285714286,12.0,28.0,1.0,4.0
384,365.0,110.0,1448.0,3.967123287671233,0.13150684931506848,25.0,14.6,97.0,102.0,1.0,6.0
385,152.0,69.0,600.0,3.9473684210526314,0.3157894736842105,23.0,6.608695652173913,44.0,13.0,1.0,1.0
386,153.0,74.0,486.0,3.176470588235294,0.32679738562091504,8.0,19.125,49.0,29.0,0.0,1.0
387,113.0,70.0,519.0,4.592920353982301,0.40707964601769914,6.0,18.833333333333332,26.0,28.0,0.0,2.0
388,987.0,316.0,5522.0,5.594731509625126,0.19655521783181357,51.0,19.352941176470587,120.0,320.0,2.0,4.0
389,169.0,72.0,634.0,3.7514792899408285,0.20710059171597633,14.0,12.071428571428571,45.0,48.0,2.0,1.0
390,85.0,42.0,347.0,4.08235294117647,0.21176470588235294,2.0,42.5,19.0,26.0,0.0,0.0
391,71.0,45.0,303.0,4.267605633802817,0.4084507042253521,5.0,14.2,18.0,18.0,0.0,0.0
392,161.0,67.0,535.0,3.3229813664596275,0.2236024844720497,5.0,32.2,59.0,27.0,0.0,0.0
393,105.0,41.0,330.0,3.142857142857143,0.21904761904761905,6.0,17.5,30.0,14.0,0.0,2.0
394,71.0,30.0,197.0,2.7746478873239435,0.2112676056338028,2.0,35.5,30.0,8.0,0.0,0.0
395,380.0,156.0,1801.0,4.739473684210527,0.24473684210526317,21.0,18.095238095238095,48.0,125.0,0.0,5.0
396,56.0,36.0,244.0,4.357142857142857,0.3392857142857143,3.0,18.666666666666668,6.0,22.0,1.0,1.0
397,6.0,6.0,21.0,3.5,1.0,1.0,6.0,2.0,2.0,1.0,0.0
398,104.0,72.0,547.0,5.259615384615385,0.5192307692307693,5.0,20.8,13.0,39.0,1.0,1.0
399,19.0,16.0,68.0,3.5789473684210527,0.7368421052631579,1.0,19.0,6.0,7.0,1.0,1.0
400,55.0,40.0,282.0,5.127272727272727,0.6545454545454545,7.0,7.857142857142857,12.0,14.0,0.0,1.0
401,234.0,110.0,1103.0,4.713675213675214,0.31196581196581197,14.0,16.714285714285715,33.0,73.0,1.0,3.0
402,932.0,211.0,3267.0,3.505364806866953,0.10944206008583691,34.0,27.41176470588235,385.0,147.0,2.0,8.0
403,160.0,80.0,855.0,5.34375,0.3625,14.0,11.428571428571429,29.0,46.0,0.0,1.0
404,95.0,50.0,436.0,4.589473684210526,0.30526315789473685,4.0,23.75,15.0,33.0,0.0,0.0
405,68.0,36.0,198.0,2.911764705882353,0.29411764705882354,3.0,22.666666666666668,33.0,4.0,0.0,0.0
406,1.0,1.0,3.0,3.0,1.0,1.0,1.0,0.0,0.0,0.0,0.0
407,175.0,105.0,922.0,5.268571428571429,0.44,12.0,14.583333333333334,27.0,44.0,1.0,0.0
408,33.0,27.0,183.0,5.545454545454546,0.696969696969697,2.0,16.5,5.0,10.0,0.0,0.0
409,483.0,152.0,1736.0,3.5942028985507246,0.16563146997929606,23.0,21.0,128.0,149.0,2.0,2.0
410,61.0,29.0,215.0,3.5245901639344264,0.2786885245901639,4.0,15.25,13.0,11.0,0.0,1.0
411,590.0,129.0,1753.0,2.971186440677966,0.11186440677966102,19.0,31.05263157894737,262.0,113.0,1.0,8.0
412,61.0,41.0,223.0,3.6557377049180326,0.5737704918032787,4.0,15.25,19.0,9.0,0.0,2.0
413,143.0,70.0,676.0,4.7272727272727275,0.2727272727272727,9.0,15.88888888888889,18.0,51.0,1.0,3.0
414,120.0,72.0,495.0,4.125,0.4166666666666667,14.0,8.571428571428571,33.0,26.0,0.0,4.0
415,168.0,77.0,586.0,3.488095238095238,0.2916666666666667,9.0,18.666666666666668,43.0,52.0,1.0,3.0
416,193.0,95.0,889.0,4.606217616580311,0.3316062176165803,13.0,14.846153846153847,38.0,60.0,0.0,1.0
417,595.0,136.0,1980.0,3.327731092436975,0.08067226890756303,23.0,25.869565217391305,175.0,148.0,0.0,6.0
418,230.0,97.0,1007.0,4.378260869565217,0.23478260869565218,10.0,23.0,42.0,88.0,0.0,2.0
419,451.0,133.0,1601.0,3.549889135254989,0.15521064301552107,17.0,26.529411764705884,97.0,160.0,0.0,6.0
420,440.0,220.0,2418.0,5.495454545454545,0.37272727272727274,33.0,13.333333333333334,55.0,139.0,0.0,6.0
421,46.0,35.0,213.0,4.630434782608695,0.6304347826086957,2.0,23.0,11.0,11.0,0.0,0.0
422,475.0,196.0,2669.0,5.618947368421052,0.24,27.0,17.59259259259259,67.0,144.0,3.0,4.0
423,16.0,14.0,68.0,4.25,0.8125,1.0,16.0,4.0,6.0,0.0,0.0
424,236.0,123.0,1199.0,5.080508474576271,0.3601694915254237,15.0,15.733333333333333,34.0,80.0,0.0,4.0
425,25.0,19.0,97.0,3.88,0.6,1.0,25.0,5.0,10.0,1.0,0.0
426,99.0,56.0,422.0,4.262626262626263,0.37373737373737376,7.0,14.142857142857142,29.0,17.0,0.0,0.0
427,94.0,39.0,280.0,2.978723404255319,0.23404255319148937,4.0,23.5,35.0,24.0,0.0,0.0
428,10.0,10.0,43.0,4.3,1.0,1.0,10.0,2.0,3.0,0.0,1.0
429,57.0,28.0,226.0,3.9649122807017543,0.22807017543859648,3.0,19.0,14.0,14.0,0.0,0.0
430,1381.0,207.0,4001.0,2.897175959449674,0.06372194062273714,50.0,27.62,562.0,188.0,0.0,6.0
431,84.0,58.0,337.0,4.011904761904762,0.5357142857142857,5.0,16.8,26.0,20.0,0.0,2.0
432,13.0,10.0,51.0,3.923076923076923,0.6153846153846154,1.0,13.0,4.0,4.0,0.0,0.0
433,633.0,139.0,2475.0,3.909952606635071,0.11374407582938388,37.0,17.10810810810811,152.0,132.0,0.0,10.0
434,1.0,1.0,3.0,3.0,1.0,1.0,1.0,0.0,0.0,0.0,0.0
435,124.0,75.0,561.0,4.524193548387097,0.45161290322580644,13.0,9.538461538461538,24.0,37.0,1.0,4.0
436,228.0,80.0,656.0,2.8771929824561404,0.19736842105263158,10.0,22.8,107.0,36.0,1.0,3.0
437,178.0,87.0,661.0,3.7134831460674156,0.3202247191011236,6.0,29.666666666666668,40.0,46.0,0.0,1.0
438,56.0,44.0,244.0,4.357142857142857,0.6607142857142857,3.0,18.666666666666668,12.0,18.0,0.0,1.0
439,624.0,228.0,3400.0,5.448717948717949,0.21634615384615385,30.0,20.8,68.0,225.0,0.0,0.0
440,197.0,83.0,726.0,3.685279187817259,0.2131979695431472,13.0,15.153846153846153,47.0,57.0,1.0,3.0
441,1.0,1.0,3.0,3.0,1.0,1.0,1.0,0.0,0.0,0.0,0.0
442,1144.0,258.0,4341.0,3.7945804195804196,0.1048951048951049,59.0,19.389830508474578,365.0,221.0,2.0,17.0
443,349.0,175.0,1825.0,5.229226361031519,0.3667621776504298,24.0,14.541666666666666,49.0,98.0,3.0,12.0
444,72.0,51.0,446.0,6.194444444444445,0.5694444444444444,5.0,14.4,9.0,20.0,0.0,1.0
445,29.0,22.0,140.0,4.827586206896552,0.5862068965517241,2.0,14.5,5.0,10.0,0.0,0.0
446,32.0,27.0,146.0,4.5625,0.75,4.0,8.0,5.0,9.0,1.0,1.0
447,319.0,127.0,1669.0,5.231974921630094,0.23197492163009403,19.0,16.789473684210527,55.0,97.0,0.0,1.0
448,36.0,27.0,173.0,4.805555555555555,0.5,3.0,12.0,5.0,11.0,1.0,2.0
449,128.0,62.0,524.0,4.09375,0.265625,5.0,25.6,33.0,23.0,0.0,1.0
450,170.0,59.0,550.0,3.235294117647059,0.15294117647058825,10.0,17.0,59.0,32.0,0.0,1.0
451,234.0,86.0,765.0,3.269230769230769,0.19230769230769232,6.0,39.0,88.0,53.0,0.0,1.0
452,241.0,148.0,1286.0,5.33609958506224,0.46887966804979253,18.0,13.38888888888889,37.0,64.0,0.0,2.0
453,267.0,111.0,1142.0,4.277153558052435,0.20224719101123595,16.0,16.6875,51.0,85.0,0.0,3.0
454,211.0,96.0,936.0,4.436018957345971,0.2985781990521327,15.0,14.066666666666666,27.0,61.0,0.0,4.0
455,61.0,44.0,351.0,5.754098360655738,0.5573770491803278,4.0,15.25,8.0,15.0,1.0,3.0
456,340.0,144.0,1373.0,4.038235294117647,0.27647058823529413,27.0,12.592592592592593,101.0,50.0,2.0,1.0
457,366.0,153.0,1605.0,4.385245901639344,0.25136612021857924,26.0,14.076923076923077,81.0,97.0,0.0,3.0
458,354.0,148.0,1692.0,4.779661016949152,0.2344632768361582,25.0,14.16,49.0,110.0,5.0,9.0
459,449.0,131.0,1660.0,3.6971046770601337,0.1514476614699332,14.0,32.07142857142857,154.0,95.0,3.0,10.0
460,412.0,108.0,1558.0,3.7815533980582523,0.1529126213592233,32.0,12.875,117.0,61.0,0.0,5.0
461,39.0,33.0,176.0,4.512820512820513,0.7435897435897436,2.0,19.5,5.0,15.0,0.0,1.0
462,431.0,195.0,2083.0,4.832946635730859,0.29930394431554525,33.0,13.06060606060606,68.0,125.0,0.0,8.0
463,1.0,1.0,3.0,3.0,1.0,1.0,1.0,0.0,0.0,0.0,0.0
464,608.0,164.0,2250.0,3.700657894736842,0.14144736842105263,44.0,13.818181818181818,151.0,165.0,2.0,14.0
465,326.0,109.0,1326.0,4.067484662576687,0.1687116564417178,14.0,23.285714285714285,56.0,114.0,0.0,6.0
466,660.0,166.0,2485.0,3.765151515151515,0.11969696969696969,31.0,21.29032258064516,188.0,155.0,0.0,10.0
467,123.0,82.0,555.0,4.512195121951219,0.5365853658536586,8.0,15.375,19.0,34.0,0.0,8.0
468,171.0,87.0,809.0,4.730994152046784,0.3333333333333333,15.0,11.4,30.0,54.0,2.0,2.0
469,274.0,132.0,1517.0,5.536496350364963,0.29927007299270075,17.0,16.11764705882353,43.0,81.0,3.0,1.0
470,240.0,117.0,1112.0,4.633333333333334,0.3,18.0,13.333333333333334,52.0,70.0,0.0,5.0
471,246.0,87.0,889.0,3.613821138211382,0.1951219512195122,7.0,35.142857142857146,67.0,77.0,0.0,0.0
472,433.0,154.0,1645.0,3.7990762124711317,0.18937644341801385,22.0,19.681818181818183,99.0,125.0,0.0,8.0
473,324.0,106.0,988.0,3.049382716049383,0.18209876543209877,24.0,13.5,125.0,32.0,1.0,2.0
474,398.0,127.0,1470.0,3.693467336683417,0.1457286432160804,23.0,17.304347826086957,95.0,112.0,1.0,5.0
475,1.0,1.0,3.0,3.0,1.0,1.0,1.0,0.0,0.0,0.0,0.0
476,166.0,81.0,666.0,4.0120481927710845,0.3132530120481928,15.0,11.066666666666666,33.0,53.0,1.0,8.0
477,149.0,68.0,653.0,4.382550335570469,0.26174496644295303,8.0,18.625,24.0,45.0,0.0,0.0
478,8.0,8.0,32.0,4.0,1.0,1.0,8.0,2.0,3.0,1.0,0.0
479,287.0,112.0,1163.0,4.052264808362369,0.2264808362369338,31.0,9.258064516129032,51.0,52.0,1.0,0.0
480,237.0,113.0,843.0,3.5569620253164556,0.31223628691983124,17.0,13.941176470588236,87.0,35.0,1.0,3.0
481,21.0,17.0,99.0,4.714285714285714,0.6666666666666666,1.0,21.0,3.0,10.0,0.0,0.0
482,369.0,113.0,1226.0,3.3224932249322494,0.15447154471544716,15.0,24.6,138.0,60.0,0.0,3.0
483,4.0,4.0,10.0,2.5,1.0,1.0,4.0,2.0,1.0,0.0,0.0
484,78.0,47.0,278.0,3.5641025641025643,0.41025641025641024,4.0,19.5,24.0,15.0,0.0,1.0
485,8.0,8.0,43.0,5.375,1.0,1.0,8.0,2.0,3.0,1.0,0.0
486,201.0,85.0,796.0,3.9601990049751246,0.24378109452736318,12.0,16.75,51.0,55.0,0.0,2.0
487,1.0,1.0,3.0,3.0,1.0,1.0,1.0,0.0,0.0,0.0,0.0
488,156.0,47.0,538.0,3.448717948717949,0.16666666666666666,4.0,39.0,39.0,63.0,0.0,2.0
489,145.0,71.0,524.0,3.613793103448276,0.296551724137931,9.0,16.11111111111111,47.0,34.0,0.0,2.0
490,122.0,71.0,551.0,4.516393442622951,0.4180327868852459,10.0,12.2,21.0,33.0,1.0,1.0
491,392.0,181.0,2154.0,5.494897959183674,0.29591836734693877,46.0,8.521739130434783,79.0,81.0,0.0,4.0
492,206.0,106.0,1064.0,5.165048543689321,0.3300970873786408,13.0,15.846153846153847,22.0,76.0,0.0,5.0
493,563.0,283.0,2954.0,5.246891651865009,0.37300177619893427,41.0,13.731707317073171,85.0,146.0,1.0,7.0
494,1.0,1.0,3.0,3.0,1.0,1.0,1.0,0.0,0.0,0.0,0.0
495,104.0,56.0,372.0,3.576923076923077,0.33653846153846156,7.0,14.857142857142858,33.0,26.0,0.0,1.0
496,1152.0,212.0,4370.0,3.7934027777777777,0.08333333333333333,94.0,12.25531914893617,340.0,159.0,0.0,0.0
497,1.0,1.0,3.0,3.0,1.0,1.0,1.0,0.0,0.0,0.0,0.0
498,958.0,234.0,3735.0,3.8987473903966596,0.12630480167014613,50.0,19.16,283.0,207.0,0.0,7.0
499,166.0,86.0,848.0,5.108433734939759,0.3493975903614458,10.0,16.6,23.0,50.0,1.0,1.0
500,109.0,53.0,340.0,3.1192660550458715,0.29357798165137616,6.0,18.166666666666668,41.0,18.0,0.0,0.0
501,472.0,156.0,1894.0,4.012711864406779,0.163135593220339,25.0,18.88,94.0,149.0,1.0,8.0
502,539.0,235.0,2905.0,5.3896103896103895,0.2857142857142857,35.0,15.4,58.0,188.0,1.0,11.0
503,189.0,74.0,729.0,3.857142857142857,0.2222222222222222,8.0,23.625,26.0,72.0,0.0,3.0
504,565.0,253.0,3027.0,5.357522123893805,0.30973451327433627,37.0,15.27027027027027,83.0,167.0,0.0,5.0
505,321.0,87.0,817.0,2.545171339563863,0.16199376947040497,6.0,53.5,116.0,44.0,0.0,2.0
506,586.0,141.0,1905.0,3.250853242320819,0.11945392491467577,19.0,30.842105263157894,205.0,75.0,0.0,3.0
507,185.0,108.0,958.0,5.178378378378379,0.3891891891891892,12.0,15.416666666666666,24.0,63.0,0.0,7.0
508,141.0,76.0,606.0,4.297872340425532,0.3475177304964539,7.0,20.142857142857142,33.0,31.0,0.0,2.0
509,21.0,17.0,108.0,5.142857142857143,0.6190476190476191,2.0,10.5,4.0,5.0,0.0,0.0
510,94.0,56.0,441.0,4.691489361702128,0.3829787234042553,7.0,13.428571428571429,16.0,23.0,0.0,0.0
511,1.0,1.0,3.0,3.0,1.0,1.0,1.0,0.0,0.0,0.0,0.0
512,531.0,130.0,1920.0,3.615819209039548,0.1111111111111111,26.0,20.423076923076923,124.0,149.0,2.0,1.0
513,45.0,33.0,172.0,3.8222222222222224,0.6,5.0,9.0,10.0,11.0,0.0,0.0
514,415.0,142.0,1579.0,3.8048192771084337,0.2,25.0,16.6,96.0,113.0,3.0,8.0
515,88.0,59.0,456.0,5.181818181818182,0.5340909090909091,6.0,14.666666666666666,12.0,24.0,0.0,4.0
516,624.0,271.0,3372.0,5.403846153846154,0.2948717948717949,50.0,12.48,97.0,172.0,11.0,3.0
517,137.0,83.0,732.0,5.343065693430657,0.4306569343065693,8.0,17.125,14.0,54.0,1.0,0.0
518,427.0,204.0,2387.0,5.590163934426229,0.3325526932084309,23.0,18.565217391304348,49.0,142.0,0.0,5.0
519,269.0,130.0,1331.0,4.947955390334572,0.32342007434944237,15.0,17.933333333333334,39.0,94.0,0.0,3.0
520,249.0,74.0,891.0,3.5783132530120483,0.1285140562248996,7.0,35.57142857142857,72.0,72.0,0.0,1.0
521,58.0,37.0,274.0,4.724137931034483,0.4827586206896552,4.0,14.5,9.0,21.0,1.0,0.0
522,564.0,148.0,2022.0,3.5851063829787235,0.10638297872340426,33.0,17.09090909090909,140.0,138.0,0.0,9.0
523,27.0,19.0,140.0,5.185185185185185,0.48148148148148145,1.0,27.0,4.0,11.0,0.0,0.0
524,165.0,79.0,858.0,5.2,0.28484848484848485,10.0,16.5,18.0,58.0,2.0,1.0
525,228.0,102.0,1001.0,4.390350877192983,0.2236842105263158,12.0,19.0,46.0,75.0,0.0,1.0
526,9.0,8.0,28.0,3.111111111111111,0.7777777777777778,1.0,9.0,3.0,3.0,0.0,0.0
527,341.0,127.0,1172.0,3.436950146627566,0.2375366568914956,11.0,31.0,130.0,75.0,0.0,5.0
528,48.0,35.0,245.0,5.104166666666667,0.5208333333333334,1.0,48.0,6.0,19.0,0.0,2.0
529,23.0,19.0,65.0,2.8260869565217392,0.6956521739130435,3.0,7.666666666666667,7.0,3.0,0.0,0.0
530,170.0,75.0,766.0,4.5058823529411764,0.21764705882352942,9.0,18.88888888888889,52.0,44.0,0.0,0.0
531,154.0,69.0,728.0,4.7272727272727275,0.2727272727272727,9.0,17.11111111111111,32.0,40.0,0.0,1.0
532,234.0,106.0,848.0,3.623931623931624,0.2905982905982906,14.0,16.714285714285715,62.0,56.0,0.0,4.0
533,370.0,110.0,1324.0,3.5783783783783782,0.14864864864864866,25.0,14.8,117.0,91.0,0.0,11.0
534,429.0,127.0,1477.0,3.4428904428904428,0.15384615384615385,21.0,20.428571428571427,156.0,59.0,0.0,5.0
535,82.0,52.0,393.0,4.7926829268292686,0.4878048780487805,4.0,20.5,8.0,34.0,0.0,1.0
536,190.0,100.0,809.0,4.257894736842105,0.37894736842105264,15.0,12.666666666666666,35.0,62.0,0.0,1.0
537,11.0,10.0,38.0,3.4545454545454546,0.8181818181818182,1.0,11.0,3.0,2.0,0.0,0.0
538,177.0,76.0,633.0,3.5762711864406778,0.24293785310734464,12.0,14.75,54.0,39.0,0.0,4.0
539,368.0,194.0,2000.0,5.434782608695652,0.375,22.0,16.727272727272727,47.0,110.0,0.0,6.0
540,181.0,93.0,894.0,4.939226519337017,0.35359116022099446,15.0,12.066666666666666,46.0,56.0,0.0,0.0
541,1.0,1.0,3.0,3.0,1.0,1.0,1.0,0.0,0.0,0.0,0.0
542,707.0,159.0,2685.0,3.7977369165487977,0.10042432814710042,45.0,15.71111111111111,204.0,177.0,2.0,2.0
543,761.0,236.0,2976.0,3.9106438896189224,0.1747700394218134,26.0,29.26923076923077,226.0,127.0,2.0,4.0
544,16.0,16.0,45.0,2.8125,1.0,1.0,16.0,4.0,1.0,0.0,0.0
545,61.0,44.0,292.0,4.786885245901639,0.5737704918032787,3.0,20.333333333333332,8.0,20.0,1.0,0.0
546,212.0,109.0,1202.0,5.669811320754717,0.33962264150943394,21.0,10.095238095238095,40.0,50.0,1.0,0.0
547,58.0,35.0,251.0,4.327586206896552,0.3620689655172414,4.0,14.5,13.0,20.0,0.0,1.0
548,244.0,71.0,738.0,3.0245901639344264,0.11065573770491803,13.0,18.76923076923077,93.0,49.0,0.0,0.0
549,238.0,108.0,909.0,3.819327731092437,0.3025210084033613,21.0,11.333333333333334,53.0,70.0,1.0,1.0
550,438.0,88.0,1159.0,2.646118721461187,0.11187214611872145,12.0,36.5,234.0,34.0,0.0,3.0
551,59.0,35.0,194.0,3.288135593220339,0.4576271186440678,3.0,19.666666666666668,24.0,8.0,0.0,1.0
552,604.0,234.0,3186.0,5.274834437086093,0.23841059602649006,32.0,18.875,79.0,190.0,0.0,6.0
553,102.0,52.0,348.0,3.411764705882353,0.35294117647058826,9.0,11.333333333333334,29.0,25.0,0.0,2.0
554,686.0,179.0,2465.0,3.5932944606413995,0.10932944606413994,31.0,22.129032258064516,214.0,142.0,0.0,9.0
555,132.0,79.0,712.0,5.393939393939394,0.4090909090909091,9.0,14.666666666666666,19.0,44.0,1.0,2.0
556,624.0,157.0,2179.0,3.4919871794871793,0.1201923076923077,37.0,16.864864864864863,209.0,128.0,0.0,4.0
557,375.0,193.0,2081.0,5.549333333333333,0.3973333333333333,29.0,12.931034482758621,51.0,110.0,1.0,6.0
558,692.0,191.0,2555.0,3.6921965317919074,0.12572254335260116,39.0,17.743589743589745,226.0,111.0,0.0,7.0
559,190.0,84.0,608.0,3.2,0.28421052631578947,15.0,12.666666666666666,72.0,19.0,0.0,2.0
560,1612.0,213.0,4118.0,2.554590570719603,0.056451612903225805,34.0,47.411764705882355,759.0,108.0,0.0,9.0
561,278.0,115.0,1315.0,4.73021582733813,0.2302158273381295,17.0,16.352941176470587,50.0,73.0,0.0,1.0
562,226.0,89.0,942.0,4.168141592920354,0.18141592920353983,18.0,12.555555555555555,43.0,68.0,1.0,3.0
563,35.0,28.0,139.0,3.9714285714285715,0.6285714285714286,3.0,11.666666666666666,6.0,11.0,2.0,0.0
564,700.0,251.0,3853.0,5.5042857142857144,0.20857142857142857,45.0,15.555555555555555,95.0,211.0,3.0,1.0
565,105.0,51.0,433.0,4.123809523809523,0.26666666666666666,8.0,13.125,26.0,19.0,1.0,0.0
566,58.0,47.0,292.0,5.0344827586206895,0.6724137931034483,3.0,19.333333333333332,7.0,22.0,1.0,0.0
567,412.0,108.0,1577.0,3.8276699029126213,0.11650485436893204,19.0,21.68421052631579,61.0,155.0,0.0,2.0
568,40.0,19.0,110.0,2.75,0.25,2.0,20.0,17.0,10.0,0.0,0.0
569,197.0,105.0,1019.0,5.1725888324873095,0.37055837563451777,14.0,14.071428571428571,27.0,52.0,0.0,3.0
570,163.0,76.0,649.0,3.98159509202454,0.25766871165644173,6.0,27.166666666666668,42.0,56.0,0.0,1.0
571,218.0,98.0,766.0,3.5137614678899083,0.28440366972477066,18.0,12.11111111111111,64.0,40.0,0.0,2.0
572,186.0,72.0,934.0,5.021505376344086,0.21505376344086022,10.0,18.6,18.0,79.0,1.0,2.0
573,38.0,26.0,133.0,3.5,0.5263157894736842,1.0,38.0,10.0,13.0,1.0,0.0
574,1.0,1.0,3.0,3.0,1.0,1.0,1.0,0.0,0.0,0.0,0.0
575,350.0,119.0,1304.0,3.7257142857142855,0.16,19.0,18.42105263157895,86.0,73.0,0.0,2.0
576,118.0,68.0,528.0,4.47457627118644,0.3898305084745763,8.0,14.75,18.0,34.0,0.0,2.0
577,168.0,88.0,794.0,4.726190476190476,0.2857142857142857,10.0,16.8,22.0,62.0,2.0,1.0
578,115.0,51.0,463.0,4.026086956521739,0.24347826086956523,6.0,19.166666666666668,29.0,38.0,0.0,3.0
579,137.0,56.0,431.0,3.145985401459854,0.24817518248175183,8.0,17.125,59.0,24.0,0.0,0.0
580,98.0,62.0,495.0,5.051020408163265,0.40816326530612246,8.0,12.25,10.0,31.0,2.0,4.0
581,254.0,149.0,1431.0,5.633858267716535,0.4330708661417323,19.0,13.368421052631579,47.0,64.0,1.0,4.0
582,231.0,105.0,1132.0,4.9004329004329,0.2597402597402597,16.0,14.4375,28.0,78.0,1.0,6.0
583,156.0,64.0,485.0,3.108974358974359,0.24358974358974358,12.0,13.0,48.0,36.0,1.0,0.0
584,133.0,89.0,673.0,5.06015037593985,0.5413533834586466,8.0,16.625,20.0,40.0,0.0,2.0
585,234.0,82.0,819.0,3.5,0.19658119658119658,15.0,15.6,70.0,61.0,1.0,5.0
586,177.0,92.0,751.0,4.242937853107344,0.3389830508474576,11.0,16.09090909090909,56.0,41.0,1.0,5.0
587,504.0,140.0,1777.0,3.5257936507936507,0.1349206349206349,30.0,16.8,151.0,105.0,1.0,4.0
588,127.0,68.0,522.0,4.110236220472441,0.33858267716535434,10.0,12.7,25.0,39.0,0.0,2.0
589,165.0,106.0,810.0,4.909090909090909,0.5333333333333333,16.0,10.3125,30.0,43.0,1.0,2.0
590,73.0,49.0,381.0,5.219178082191781,0.4931506849315068,5.0,14.6,12.0,24.0,1.0,0.0
591,263.0,164.0,1464.0,5.566539923954372,0.4828897338403042,17.0,15.470588235294118,36.0,77.0,0.0,5.0
592,205.0,77.0,919.0,4.482926829268293,0.2097560975609756,11.0,18.636363636363637,37.0,75.0,1.0,1.0
593,91.0,49.0,376.0,4.131868131868132,0.26373626373626374,3.0,30.333333333333332,16.0,35.0,1.0,1.0
594,104.0,68.0,560.0,5.384615384615385,0.5096153846153846,7.0,14.857142857142858,27.0,24.0,0.0,1.0
595,1354.0,250.0,4389.0,3.241506646971935,0.09601181683899557,53.0,25.547169811320753,519.0,152.0,5.0,17.0
596,27.0,17.0,113.0,4.185185185185185,0.3333333333333333,1.0,27.0,4.0,10.0,0.0,0.0
597,304.0,110.0,1337.0,4.3980263157894735,0.16447368421052633,23.0,13.217391304347826,48.0,90.0,2.0,6.0
598,244.0,112.0,1045.0,4.282786885245901,0.26229508196721313,12.0,20.333333333333332,54.0,75.0,0.0,3.0
599,259.0,144.0,1290.0,4.980694980694981,0.4362934362934363,16.0,16.1875,36.0,90.0,0.0,2.0
600,144.0,75.0,565.0,3.923611111111111,0.3680555555555556,11.0,13.090909090909092,37.0,46.0,0.0,2.0
601,342.0,155.0,1764.0,5.157894736842105,0.2953216374269006,19.0,18.0,47.0,99.0,0.0,5.0
602,121.0,84.0,615.0,5.082644628099174,0.5619834710743802,10.0,12.1,23.0,35.0,1.0,1.0
603,7.0,7.0,36.0,5.142857142857143,1.0,1.0,7.0,2.0,2.0,0.0,0.0
604,315.0,117.0,1160.0,3.6825396825396823,0.20634920634920634,10.0,31.5,111.0,34.0,0.0,3.0
605,60.0,45.0,358.0,5.966666666666667,0.6166666666666667,4.0,15.0,7.0,20.0,0.0,0.0
606,290.0,153.0,1636.0,5.641379310344828,0.3689655172413793,18.0,16.11111111111111,37.0,95.0,0.0,2.0
607,254.0,108.0,1077.0,4.24015748031496,0.2874015748031496,18.0,14.11111111111111,33.0,56.0,2.0,2.0
608,143.0,78.0,697.0,4.874125874125874,0.3776223776223776,8.0,17.875,24.0,46.0,1.0,2.0
609,62.0,27.0,249.0,4.016129032258065,0.1774193548387097,2.0,31.0,8.0,24.0,0.0,0.0
610,508.0,190.0,2611.0,5.139763779527559,0.2263779527559055,27.0,18.814814814814813,73.0,161.0,0.0,4.0
611,95.0,68.0,416.0,4.378947368421053,0.5789473684210527,10.0,9.5,19.0,23.0,1.0,3.0
612,219.0,122.0,1157.0,5.28310502283105,0.410958904109589,14.0,15.642857142857142,38.0,58.0,0.0,2.0
613,9.0,8.0,31.0,3.4444444444444446,0.7777777777777778,2.0,4.5,3.0,1.0,0.0,0.0
614,72.0,52.0,297.0,4.125,0.5555555555555556,5.0,14.4,12.0,24.0,2.0,5.0
615,482.0,239.0,2624.0,5.443983402489627,0.35269709543568467,28.0,17.214285714285715,61.0,148.0,0.0,5.0
616,229.0,100.0,811.0,3.541484716157205,0.29694323144104806,10.0,22.9,93.0,41.0,1.0,1.0
617,250.0,91.0,916.0,3.664,0.184,19.0,13.157894736842104,52.0,72.0,0.0,5.0
618,140.0,74.0,577.0,4.121428571428571,0.32142857142857145,8.0,17.5,27.0,44.0,1.0,4.0
619,302.0,149.0,1634.0,5.410596026490066,0.33774834437086093,20.0,15.1,35.0,89.0,0.0,4.0
620,257.0,96.0,1079.0,4.198443579766537,0.20233463035019456,15.0,17.133333333333333,40.0,98.0,1.0,6.0
621,185.0,81.0,836.0,4.518918918918919,0.24324324324324326,12.0,15.416666666666666,33.0,49.0,0.0,6.0
622,4.0,4.0,11.0,2.75,1.0,1.0,4.0,2.0,1.0,0.0,0.0
623,1.0,1.0,3.0,3.0,1.0,1.0,1.0,0.0,0.0,0.0,0.0
624,3868.0,450.0,11482.0,2.968459152016546,0.04731127197518097,66.0,58.60606060606061,1680.0,401.0,0.0,30.0
625,440.0,124.0,1419.0,3.225,0.1409090909090909,19.0,23.157894736842106,152.0,84.0,0.0,5.0
626,380.0,153.0,1625.0,4.276315789473684,0.19736842105263158,31.0,12.258064516129032,74.0,117.0,0.0,9.0
627,331.0,95.0,1012.0,3.0574018126888216,0.13897280966767372,13.0,25.46153846153846,141.0,37.0,1.0,2.0
628,6.0,6.0,25.0,4.166666666666667,1.0,1.0,6.0,2.0,1.0,1.0,0.0
629,33.0,22.0,129.0,3.909090909090909,0.3939393939393939,4.0,8.25,7.0,8.0,2.0,0.0
630,301.0,156.0,1742.0,5.787375415282392,0.32558139534883723,19.0,15.842105263157896,37.0,81.0,0.0,3.0
631,4.0,4.0,10.0,2.5,1.0,1.0,4.0,2.0,1.0,0.0,0.0
632,135.0,79.0,585.0,4.333333333333333,0.4222222222222222,8.0,16.875,25.0,35.0,0.0,1.0
633,108.0,66.0,461.0,4.268518518518518,0.42592592592592593,6.0,18.0,26.0,28.0,0.0,0.0
634,242.0,126.0,1341.0,5.541322314049586,0.34710743801652894,14.0,17.285714285714285,29.0,84.0,0.0,5.0
635,220.0,98.0,1067.0,4.85,0.2863636363636364,10.0,22.0,30.0,86.0,0.0,1.0
636,45.0,31.0,218.0,4.844444444444444,0.5333333333333333,5.0,9.0,6.0,15.0,0.0,3.0
637,106.0,67.0,429.0,4.047169811320755,0.44339622641509435,10.0,10.6,24.0,26.0,1.0,3.0
638,1175.0,197.0,3736.0,3.1795744680851064,0.07063829787234042,32.0,36.71875,441.0,226.0,0.0,7.0
639,334.0,126.0,1467.0,4.392215568862276,0.18562874251497005,28.0,11.928571428571429,60.0,112.0,0.0,7.0
640,952.0,202.0,3521.0,3.698529411764706,0.09138655462184873,42.0,22.666666666666668,203.0,248.0,0.0,9.0
641,303.0,96.0,1091.0,3.6006600660066006,0.16831683168316833,18.0,16.833333333333332,81.0,78.0,1.0,4.0
642,25.0,14.0,82.0,3.28,0.24,2.0,12.5,7.0,5.0,0.0,0.0
643,163.0,89.0,847.0,5.196319018404908,0.3496932515337423,12.0,13.583333333333334,22.0,40.0,0.0,4.0
644,1.0,1.0,3.0,3.0,1.0,1.0,1.0,0.0,0.0,0.0,0.0
645,436.0,129.0,1674.0,3.8394495412844036,0.14678899082568808,22.0,19.818181818181817,152.0,101.0,1.0,5.0
646,121.0,62.0,393.0,3.2479338842975207,0.3140495867768595,6.0,20.166666666666668,42.0,27.0,0.0,4.0
647,6.0,6.0,24.0,4.0,1.0,1.0,6.0,2.0,1.0,0.0,0.0
648,25.0,19.0,84.0,3.36,0.56,1.0,25.0,7.0,5.0,0.0,0.0
649,153.0,56.0,660.0,4.313725490196078,0.16993464052287582,7.0,21.857142857142858,34.0,46.0,0.0,0.0
650,55.0,40.0,213.0,3.8727272727272726,0.5454545454545454,4.0,13.75,13.0,16.0,0.0,0.0
651,15.0,13.0,66.0,4.4,0.7333333333333333,2.0,7.5,3.0,5.0,0.0,1.0
652,1.0,1.0,3.0,3.0,1.0,1.0,1.0,0.0,0.0,0.0,0.0
653,11.0,11.0,44.0,4.0,1.0,1.0,11.0,2.0,4.0,0.0,1.0
654,59.0,41.0,206.0,3.4915254237288136,0.5084745762711864,5.0,11.8,11.0,21.0,0.0,2.0
655,1367.0,255.0,5323.0,3.893928310168252,0.07827359180687637,66.0,20.71212121212121,364.0,351.0,0.0,6.0
656,111.0,63.0,503.0,4.531531531531532,0.3963963963963964,9.0,12.333333333333334,18.0,41.0,0.0,1.0
657,310.0,160.0,1683.0,5.429032258064516,0.3387096774193548,27.0,11.481481481481481,52.0,78.0,1.0,7.0
658,490.0,127.0,1875.0,3.826530612244898,0.12040816326530612,38.0,12.894736842105264,175.0,61.0,0.0,3.0
659,257.0,111.0,1105.0,4.299610894941634,0.2529182879377432,32.0,8.03125,55.0,71.0,0.0,0.0
660,552.0,148.0,2432.0,4.405797101449275,0.125,38.0,14.526315789473685,105.0,170.0,3.0,3.0
661,180.0,69.0,795.0,4.416666666666667,0.21666666666666667,12.0,15.0,26.0,56.0,0.0,0.0
662,175.0,70.0,575.0,3.2857142857142856,0.2342857142857143,15.0,11.666666666666666,68.0,25.0,0.0,2.0
663,344.0,123.0,1188.0,3.453488372093023,0.20930232558139536,27.0,12.74074074074074,105.0,80.0,0.0,6.0
664,216.0,104.0,828.0,3.8333333333333335,0.3194444444444444,25.0,8.64,66.0,27.0,0.0,4.0
665,471.0,210.0,2619.0,5.560509554140127,0.28450106157112526,31.0,15.193548387096774,59.0,131.0,2.0,1.0
666,99.0,56.0,425.0,4.292929292929293,0.37373737373737376,8.0,12.375,22.0,18.0,0.0,2.0
667,9.0,8.0,55.0,6.111111111111111,0.7777777777777778,1.0,9.0,2.0,1.0,0.0,0.0
668,10.0,10.0,55.0,5.5,1.0,1.0,10.0,2.0,3.0,0.0,0.0
669,21.0,19.0,75.0,3.5714285714285716,0.8571428571428571,2.0,10.5,8.0,4.0,1.0,0.0
670,10.0,10.0,45.0,4.5,1.0,1.0,10.0,2.0,2.0,0.0,1.0
671,326.0,172.0,1680.0,5.153374233128834,0.4049079754601227,18.0,18.11111111111111,48.0,108.0,0.0,3.0
672,163.0,46.0,461.0,2.8282208588957056,0.12269938650306748,8.0,20.375,84.0,17.0,3.0,0.0
673,1167.0,224.0,3341.0,2.8628963153384746,0.09854327335047129,59.0,19.779661016949152,489.0,98.0,0.0,8.0
674,61.0,45.0,280.0,4.590163934426229,0.6229508196721312,6.0,10.166666666666666,9.0,15.0,0.0,2.0
675,254.0,102.0,1058.0,4.165354330708661,0.2047244094488189,17.0,14.941176470588236,45.0,66.0,2.0,1.0
676,661.0,263.0,3269.0,4.94553706505295,0.25113464447806355,42.0,15.738095238095237,99.0,179.0,3.0,7.0
677,577.0,156.0,2319.0,4.0190641247833625,0.12824956672443674,31.0,18.612903225806452,189.0,132.0,0.0,4.0
678,74.0,47.0,309.0,4.175675675675675,0.5,9.0,8.222222222222221,18.0,10.0,0.0,2.0
679,136.0,70.0,663.0,4.875,0.35294117647058826,9.0,15.11111111111111,22.0,53.0,2.0,0.0
680,113.0,65.0,471.0,4.168141592920354,0.40707964601769914,6.0,18.833333333333332,18.0,44.0,0.0,5.0
681,58.0,38.0,239.0,4.120689655172414,0.46551724137931033,3.0,19.333333333333332,6.0,22.0,1.0,0.0
682,87.0,51.0,441.0,5.068965517241379,0.40229885057471265,5.0,17.4,13.0,30.0,0.0,0.0
683,597.0,162.0,2278.0,3.815745393634841,0.12227805695142378,43.0,13.883720930232558,155.0,118.0,0.0,7.0
684,120.0,54.0,412.0,3.433333333333333,0.25833333333333336,5.0,24.0,40.0,36.0,0.0,1.0
685,104.0,54.0,468.0,4.5,0.3557692307692308,6.0,17.333333333333332,15.0,41.0,0.0,4.0
686,431.0,167.0,1883.0,4.368909512761021,0.26218097447795824,38.0,11.342105263157896,63.0,110.0,0.0,5.0
687,1.0,1.0,3.0,3.0,1.0,1.0,1.0,0.0,0.0,0.0,0.0
688,54.0,39.0,254.0,4.703703703703703,0.5370370370370371,3.0,18.0,11.0,16.0,0.0,0.0
689,99.0,61.0,520.0,5.252525252525253,0.43434343434343436,7.0,14.142857142857142,16.0,29.0,1.0,0.0
690,642.0,163.0,2271.0,3.5373831775700935,0.1261682242990654,71.0,9.04225352112676,222.0,57.0,15.0,0.0
691,99.0,68.0,416.0,4.202020202020202,0.5555555555555556,8.0,12.375,24.0,25.0,0.0,2.0
692,170.0,102.0,822.0,4.8352941176470585,0.4764705882352941,17.0,10.0,32.0,49.0,0.0,3.0
693,4.0,4.0,10.0,2.5,1.0,1.0,4.0,2.0,1.0,0.0,0.0
694,245.0,96.0,1089.0,4.444897959183673,0.2163265306122449,18.0,13.61111111111111,41.0,74.0,0.0,2.0
695,119.0,58.0,446.0,3.7478991596638656,0.2773109243697479,7.0,17.0,36.0,26.0,0.0,0.0
696,255.0,103.0,865.0,3.392156862745098,0.24705882352941178,15.0,17.0,87.0,54.0,0.0,6.0
697,781.0,135.0,1890.0,2.4199743918053778,0.0793854033290653,10.0,78.1,348.0,45.0,0.0,4.0
698,1245.0,288.0,4984.0,4.003212851405623,0.09879518072289156,91.0,13.68131868131868,342.0,245.0,4.0,17.0
699,253.0,91.0,790.0,3.122529644268775,0.20553359683794467,13.0,19.46153846153846,89.0,47.0,0.0,3.0
700,101.0,53.0,456.0,4.514851485148514,0.3465346534653465,5.0,20.2,16.0,33.0,0.0,0.0
701,467.0,133.0,1494.0,3.1991434689507496,0.14346895074946467,18.0,25.944444444444443,174.0,85.0,1.0,2.0
702,136.0,86.0,637.0,4.6838235294117645,0.47058823529411764,8.0,17.0,17.0,43.0,0.0,2.0
703,6.0,6.0,20.0,3.3333333333333335,1.0,1.0,6.0,2.0,1.0,1.0,0.0
704,415.0,120.0,1423.0,3.4289156626506023,0.1614457831325301,37.0,11.216216216216216,136.0,65.0,1.0,2.0
705,290.0,105.0,1315.0,4.5344827586206895,0.1896551724137931,18.0,16.11111111111111,32.0,110.0,2.0,3.0
706,48.0,30.0,174.0,3.625,0.4375,3.0,16.0,15.0,7.0,0.0,0.0
707,238.0,141.0,1394.0,5.857142857142857,0.4369747899159664,16.0,14.875,37.0,56.0,1.0,1.0
708,231.0,117.0,1198.0,5.186147186147186,0.3463203463203463,16.0,14.4375,37.0,73.0,2.0,1.0
709,353.0,151.0,1625.0,4.603399433427762,0.254957507082153,32.0,11.03125,67.0,88.0,0.0,10.0
710,231.0,71.0,643.0,2.7835497835497836,0.15151515151515152,9.0,25.666666666666668,97.0,32.0,0.0,3.0
711,374.0,125.0,1507.0,4.029411764705882,0.17914438502673796,20.0,18.7,98.0,91.0,2.0,3.0
712,1.0,1.0,3.0,3.0,1.0,1.0,1.0,0.0,0.0,0.0,0.0
713,169.0,106.0,932.0,5.514792899408284,0.4970414201183432,13.0,13.0,24.0,54.0,0.0,2.0
714,397.0,100.0,1776.0,4.473551637279597,0.10327455919395466,18.0,22.055555555555557,77.0,83.0,0.0,0.0
715,373.0,88.0,1200.0,3.2171581769436997,0.10723860589812333,25.0,14.92,119.0,98.0,1.0,5.0
716,20.0,18.0,97.0,4.85,0.85,1.0,20.0,4.0,6.0,1.0,0.0
717,213.0,100.0,847.0,3.976525821596244,0.3145539906103286,12.0,17.75,38.0,45.0,0.0,0.0
718,1.0,1.0,3.0,3.0,1.0,1.0,1.0,0.0,0.0,0.0,0.0
719,64.0,46.0,257.0,4.015625,0.59375,4.0,16.0,16.0,14.0,1.0,2.0
720,125.0,75.0,683.0,5.464,0.384,9.0,13.88888888888889,16.0,35.0,0.0,4.0
721,55.0,32.0,227.0,4.127272727272727,0.41818181818181815,3.0,18.333333333333332,12.0,19.0,0.0,0.0
722,264.0,95.0,1230.0,4.659090909090909,0.16666666666666666,11.0,24.0,30.0,109.0,1.0,7.0
723,90.0,66.0,488.0,5.4222222222222225,0.5666666666666667,5.0,18.0,10.0,25.0,0.0,3.0
724,86.0,56.0,455.0,5.290697674418604,0.4883720930232558,5.0,17.2,12.0,30.0,0.0,0.0
725,355.0,116.0,1115.0,3.140845070422535,0.2028169014084507,17.0,20.88235294117647,112.0,73.0,1.0,4.0
726,873.0,119.0,2355.0,2.6975945017182132,0.054982817869415807,27.0,32.333333333333336,454.0,127.0,0.0,11.0
727,303.0,186.0,1773.0,5.851485148514851,0.47854785478547857,21.0,14.428571428571429,46.0,75.0,0.0,3.0
728,152.0,70.0,656.0,4.315789473684211,0.26973684210526316,11.0,13.818181818181818,21.0,41.0,1.0,5.0
729,82.0,45.0,424.0,5.170731707317073,0.34146341463414637,5.0,16.4,9.0,25.0,2.0,1.0
730,198.0,125.0,1011.0,5.106060606060606,0.47474747474747475,12.0,16.5,27.0,53.0,1.0,2.0
731,579.0,176.0,2149.0,3.7115716753022454,0.15198618307426598,28.0,20.678571428571427,196.0,138.0,3.0,7.0
732,306.0,106.0,1555.0,5.0816993464052285,0.17647058823529413,22.0,13.909090909090908,38.0,98.0,1.0,3.0
733,593.0,252.0,3186.0,5.372681281618887,0.2866779089376054,39.0,15.205128205128204,92.0,169.0,2.0,8.0
734,102.0,70.0,495.0,4.852941176470588,0.5686274509803921,10.0,10.2,22.0,30.0,1.0,3.0
735,612.0,184.0,2698.0,4.408496732026144,0.12745098039215685,36.0,17.0,100.0,171.0,1.0,9.0
736,634.0,161.0,2038.0,3.2145110410094637,0.12145110410094637,68.0,9.323529411764707,235.0,66.0,0.0,2.0
737,31.0,20.0,84.0,2.7096774193548385,0.41935483870967744,1.0,31.0,6.0,9.0,1.0,0.0
738,4.0,4.0,10.0,2.5,1.0,1.0,4.0,2.0,1.0,0.0,0.0
739,239.0,81.0,717.0,3.0,0.20502092050209206,11.0,21.727272727272727,98.0,46.0,0.0,2.0
740,94.0,55.0,353.0,3.75531914893617,0.3829787234042553,6.0,15.666666666666666,27.0,22.0,0.0,2.0
741,251.0,115.0,999.0,3.9800796812749004,0.26693227091633465,20.0,12.55,66.0,55.0,0.0,5.0
742,294.0,143.0,1533.0,5.214285714285714,0.3231292517006803,15.0,19.6,38.0,99.0,0.0,3.0
743,205.0,74.0,747.0,3.6439024390243904,0.17560975609756097,20.0,10.25,64.0,43.0,0.0,4.0
744,1311.0,255.0,4180.0,3.1884057971014492,0.08466819221967964,50.0,26.22,474.0,232.0,0.0,13.0
745,196.0,122.0,1022.0,5.214285714285714,0.4744897959183674,13.0,15.076923076923077,28.0,62.0,0.0,3.0
746,100.0,48.0,427.0,4.27,0.29,6.0,16.666666666666668,18.0,28.0,2.0,1.0
747,205.0,81.0,857.0,4.180487804878049,0.2146341463414634,7.0,29.285714285714285,40.0,68.0,0.0,1.0
748,142.0,92.0,846.0,5.957746478873239,0.47183098591549294,9.0,15.777777777777779,19.0,46.0,0.0,2.0
749,159.0,86.0,682.0,4.289308176100629,0.3270440251572327,9.0,17.666666666666668,36.0,43.0,2.0,2.0
750,6.0,6.0,22.0,3.6666666666666665,1.0,1.0,6.0,2.0,2.0,1.0,0.0
751,21.0,20.0,89.0,4.238095238095238,0.9047619047619048,1.0,21.0,6.0,6.0,0.0,2.0
752,54.0,40.0,224.0,4.148148148148148,0.5925925925925926,4.0,13.5,8.0,16.0,0.0,1.0
753,1.0,1.0,3.0,3.0,1.0,1.0,1.0,0.0,0.0,0.0,0.0
754,92.0,50.0,289.0,3.141304347826087,0.34782608695652173,9.0,10.222222222222221,36.0,15.0,1.0,2.0
755,152.0,78.0,664.0,4.368421052631579,0.32894736842105265,6.0,25.333333333333332,33.0,52.0,0.0,4.0
756,212.0,100.0,1132.0,5.339622641509434,0.29245283018867924,12.0,17.666666666666668,29.0,75.0,0.0,1.0
757,221.0,129.0,1283.0,5.8054298642533935,0.4117647058823529,14.0,15.785714285714286,26.0,71.0,0.0,1.0
758,200.0,83.0,611.0,3.055,0.235,13.0,15.384615384615385,68.0,36.0,0.0,1.0
759,394.0,127.0,1515.0,3.8451776649746194,0.1751269035532995,27.0,14.592592592592593,99.0,109.0,1.0,3.0
760,96.0,56.0,397.0,4.135416666666667,0.3854166666666667,6.0,16.0,30.0,16.0,0.0,1.0
761,516.0,202.0,2582.0,5.003875968992248,0.24031007751937986,34.0,15.176470588235293,74.0,162.0,6.0,3.0
762,300.0,103.0,1086.0,3.62,0.16333333333333333,28.0,10.714285714285714,80.0,61.0,0.0,7.0
763,183.0,103.0,845.0,4.617486338797814,0.36065573770491804,12.0,15.25,24.0,72.0,2.0,1.0
764,247.0,101.0,1180.0,4.777327935222672,0.2591093117408907,15.0,16.466666666666665,33.0,82.0,0.0,0.0
765,375.0,175.0,1989.0,5.304,0.2986666666666667,25.0,15.0,55.0,114.0,1.0,8.0
766,76.0,49.0,335.0,4.407894736842105,0.4342105263157895,5.0,15.2,12.0,25.0,1.0,0.0
767,1006.0,171.0,3021.0,3.002982107355865,0.08648111332007952,42.0,23.952380952380953,488.0,158.0,1.0,7.0
768,262.0,119.0,1160.0,4.427480916030534,0.2786259541984733,17.0,15.411764705882353,45.0,77.0,2.0,4.0
769,259.0,103.0,1013.0,3.911196911196911,0.20463320463320464,23.0,11.26086956521739,98.0,27.0,0.0,2.0
770,280.0,122.0,1530.0,5.464285714285714,0.25,19.0,14.736842105263158,47.0,83.0,1.0,1.0
771,148.0,77.0,720.0,4.864864864864865,0.34459459459459457,7.0,21.142857142857142,22.0,55.0,2.0,3.0
772,200.0,80.0,678.0,3.39,0.22,10.0,20.0,66.0,42.0,0.0,2.0
773,50.0,27.0,183.0,3.66,0.3,2.0,25.0,14.0,13.0,0.0,0.0
774,49.0,32.0,176.0,3.5918367346938775,0.46938775510204084,4.0,12.25,15.0,11.0,0.0,2.0
775,68.0,50.0,311.0,4.573529411764706,0.6323529411764706,4.0,17.0,12.0,19.0,0.0,3.0
776,205.0,90.0,894.0,4.360975609756098,0.2926829268292683,16.0,12.8125,45.0,61.0,1.0,1.0
777,48.0,31.0,233.0,4.854166666666667,0.4583333333333333,6.0,8.0,11.0,11.0,0.0,0.0
778,828.0,159.0,2273.0,2.745169082125604,0.09420289855072464,38.0,21.789473684210527,376.0,104.0,2.0,5.0
779,187.0,111.0,1042.0,5.572192513368984,0.45989304812834225,13.0,14.384615384615385,47.0,41.0,0.0,2.0
780,599.0,137.0,2056.0,3.4323873121869783,0.1018363939899833,26.0,23.03846153846154,192.0,133.0,0.0,4.0
781,9.0,8.0,35.0,3.888888888888889,0.8888888888888888,2.0,4.5,4.0,0.0,0.0,0.0
782,365.0,118.0,1337.0,3.663013698630137,0.16164383561643836,22.0,16.59090909090909,92.0,100.0,0.0,3.0
783,98.0,68.0,533.0,5.438775510204081,0.5,5.0,19.6,10.0,32.0,0.0,3.0
784,217.0,116.0,1169.0,5.387096774193548,0.35944700460829493,13.0,16.692307692307693,26.0,70.0,0.0,2.0
785,85.0,47.0,411.0,4.8352941176470585,0.3764705882352941,3.0,28.333333333333332,11.0,30.0,0.0,1.0
786,128.0,60.0,445.0,3.4765625,0.2890625,10.0,12.8,30.0,23.0,0.0,1.0
787,833.0,194.0,2996.0,3.596638655462185,0.11164465786314526,31.0,26.870967741935484,245.0,197.0,0.0,12.0
788,168.0,90.0,653.0,3.886904761904762,0.35714285714285715,13.0,12.923076923076923,47.0,45.0,1.0,5.0
789,360.0,159.0,1850.0,5.138888888888889,0.26944444444444443,18.0,20.0,41.0,124.0,0.0,15.0
790,182.0,106.0,936.0,5.142857142857143,0.43956043956043955,14.0,13.0,24.0,53.0,1.0,3.0
791,63.0,41.0,219.0,3.4761904761904763,0.47619047619047616,3.0,21.0,18.0,14.0,0.0,0.0
792,273.0,148.0,1499.0,5.490842490842491,0.34798534798534797,18.0,15.166666666666666,40.0,79.0,0.0,3.0
793,126.0,96.0,718.0,5.698412698412699,0.626984126984127,9.0,14.0,15.0,39.0,1.0,2.0
794,81.0,53.0,399.0,4.925925925925926,0.4444444444444444,4.0,20.25,10.0,27.0,0.0,1.0
795,68.0,41.0,342.0,5.029411764705882,0.45588235294117646,6.0,11.333333333333334,13.0,18.0,0.0,1.0
796,466.0,192.0,2038.0,4.373390557939914,0.2703862660944206,22.0,21.181818181818183,105.0,91.0,0.0,4.0
797,119.0,53.0,423.0,3.5546218487394956,0.24369747899159663,8.0,14.875,37.0,21.0,2.0,2.0
798,28.0,20.0,94.0,3.357142857142857,0.5,2.0,14.0,12.0,5.0,0.0,0.0
799,92.0,59.0,415.0,4.510869565217392,0.4673913043478261,4.0,23.0,20.0,29.0,0.0,1.0
800,482.0,239.0,2661.0,5.520746887966805,0.3630705394190871,28.0,17.214285714285715,47.0,163.0,4.0,2.0
801,1.0,1.0,314.0,314.0,1.0,1.0,1.0,0.0,0.0,0.0,0.0
802,98.0,53.0,429.0,4.377551020408164,0.3673469387755102,8.0,12.25,14.0,35.0,0.0,2.0
803,378.0,126.0,1766.0,4.671957671957672,0.164021164021164,16.0,23.625,44.0,156.0,1.0,7.0
804,439.0,140.0,1587.0,3.6150341685649203,0.17084282460136674,26.0,16.884615384615383,145.0,71.0,1.0,1.0
805,337.0,109.0,1216.0,3.608308605341246,0.1572700296735905,17.0,19.823529411764707,81.0,100.0,0.0,11.0
806,76.0,44.0,289.0,3.8026315789473686,0.4342105263157895,4.0,19.0,19.0,23.0,0.0,2.0
807,1.0,1.0,3.0,3.0,1.0,1.0,1.0,0.0,0.0,0.0,0.0
808,117.0,75.0,675.0,5.769230769230769,0.48717948717948717,9.0,13.0,18.0,35.0,0.0,2.0
809,405.0,194.0,2017.0,4.980246913580247,0.345679012345679,23.0,17.608695652173914,47.0,131.0,2.0,9.0
810,536.0,183.0,1779.0,3.3190298507462686,0.1884328358208955,20.0,26.8,170.0,103.0,1.0,6.0
811,94.0,63.0,400.0,4.25531914893617,0.5,8.0,11.75,15.0,30.0,1.0,1.0
812,151.0,74.0,517.0,3.423841059602649,0.2781456953642384,6.0,25.166666666666668,48.0,25.0,0.0,1.0
813,244.0,98.0,1006.0,4.122950819672131,0.22950819672131148,9.0,27.11111111111111,71.0,42.0,0.0,4.0
814,513.0,150.0,1832.0,3.5711500974658867,0.14230019493177387,39.0,13.153846153846153,142.0,125.0,0.0,16.0
815,89.0,45.0,443.0,4.977528089887641,0.33707865168539325,5.0,17.8,9.0,31.0,0.0,1.0
816,51.0,31.0,269.0,5.2745098039215685,0.45098039215686275,3.0,17.0,6.0,19.0,0.0,0.0
817,292.0,121.0,1199.0,4.1061643835616435,0.2636986301369863,22.0,13.272727272727273,90.0,62.0,1.0,2.0
818,29.0,23.0,125.0,4.310344827586207,0.6551724137931034,1.0,29.0,4.0,11.0,1.0,0.0
819,75.0,55.0,355.0,4.733333333333333,0.6133333333333333,4.0,18.75,10.0,23.0,0.0,1.0
820,415.0,123.0,1395.0,3.36144578313253,0.1493975903614458,18.0,23.055555555555557,168.0,94.0,1.0,1.0
821,287.0,111.0,1161.0,4.045296167247387,0.20905923344947736,24.0,11.958333333333334,71.0,65.0,1.0,4.0
822,64.0,37.0,316.0,4.9375,0.421875,2.0,32.0,7.0,35.0,0.0,0.0
823,503.0,172.0,2493.0,4.956262425447316,0.1908548707753479,26.0,19.346153846153847,69.0,196.0,0.0,4.0
824,489.0,155.0,1746.0,3.5705521472392636,0.16155419222903886,24.0,20.375,148.0,96.0,0.0,8.0
825,278.0,130.0,1189.0,4.276978417266187,0.3345323741007194,12.0,23.166666666666668,52.0,69.0,0.0,4.0
826,169.0,96.0,876.0,5.183431952662722,0.378698224852071,11.0,15.363636363636363,24.0,51.0,1.0,3.0
827,327.0,170.0,1721.0,5.2629969418960245,0.3730886850152905,22.0,14.863636363636363,47.0,92.0,0.0,4.0
828,316.0,124.0,1272.0,4.025316455696203,0.2310126582278481,14.0,22.571428571428573,82.0,87.0,0.0,1.0
829,49.0,30.0,141.0,2.877551020408163,0.3469387755102041,1.0,49.0,17.0,11.0,0.0,2.0
830,361.0,138.0,1604.0,4.443213296398892,0.2188365650969529,22.0,16.40909090909091,47.0,90.0,1.0,2.0
831,26.0,17.0,66.0,2.5384615384615383,0.46153846153846156,3.0,8.666666666666666,12.0,1.0,0.0,0.0
832,94.0,53.0,415.0,4.414893617021277,0.40425531914893614,13.0,7.230769230769231,22.0,18.0,0.0,2.0
833,508.0,167.0,1929.0,3.797244094488189,0.18503937007874016,16.0,31.75,170.0,109.0,0.0,4.0
834,691.0,179.0,3120.0,4.5151953690303905,0.11722141823444283,43.0,16.069767441860463,129.0,203.0,2.0,8.0
835,9.0,9.0,41.0,4.555555555555555,1.0,1.0,9.0,2.0,3.0,0.0,1.0
836,328.0,147.0,1760.0,5.365853658536586,0.2682926829268293,21.0,15.619047619047619,54.0,90.0,0.0,1.0
837,69.0,42.0,298.0,4.318840579710145,0.4057971014492754,7.0,9.857142857142858,14.0,18.0,0.0,0.0
838,165.0,102.0,1013.0,6.13939393939394,0.45454545454545453,10.0,16.5,22.0,43.0,0.0,1.0
839,1.0,1.0,3.0,3.0,1.0,1.0,1.0,0.0,0.0,0.0,0.0
840,232.0,112.0,1272.0,5.482758620689655,0.27155172413793105,14.0,16.571428571428573,32.0,80.0,0.0,1.0
841,1.0,1.0,3.0,3.0,1.0,1.0,1.0,0.0,0.0,0.0,0.0
842,88.0,42.0,276.0,3.1363636363636362,0.29545454545454547,4.0,22.0,40.0,10.0,0.0,1.0
843,620.0,220.0,3089.0,4.982258064516129,0.18548387096774194,39.0,15.897435897435898,78.0,215.0,2.0,3.0
844,53.0,42.0,260.0,4.90566037735849,0.6415094339622641,4.0,13.25,6.0,18.0,0.0,3.0
845,684.0,179.0,2471.0,3.6125730994152048,0.14181286549707603,35.0,19.542857142857144,207.0,154.0,0.0,11.0
846,11.0,11.0,43.0,3.909090909090909,1.0,2.0,5.5,3.0,3.0,1.0,1.0
847,430.0,206.0,2393.0,5.565116279069767,0.34418604651162793,29.0,14.827586206896552,62.0,123.0,2.0,7.0
848,82.0,51.0,320.0,3.902439024390244,0.43902439024390244,6.0,13.666666666666666,22.0,22.0,0.0,0.0
849,4.0,4.0,10.0,2.5,1.0,1.0,4.0,2.0,1.0,0.0,0.0
850,550.0,215.0,2973.0,5.405454545454545,0.24363636363636362,29.0,18.96551724137931,85.0,23.0,1.0,1.0
851,246.0,135.0,1288.0,5.235772357723577,0.42276422764227645,18.0,13.666666666666666,34.0,74.0,1.0,3.0
852,189.0,85.0,695.0,3.677248677248677,0.2275132275132275,9.0,21.0,34.0,62.0,0.0,2.0
853,77.0,38.0,242.0,3.142857142857143,0.24675324675324675,3.0,25.666666666666668,22.0,19.0,1.0,1.0
854,12.0,12.0,48.0,4.0,1.0,1.0,12.0,2.0,6.0,0.0,0.0
855,80.0,44.0,290.0,3.625,0.325,4.0,20.0,22.0,24.0,0.0,5.0
856,316.0,150.0,1689.0,5.344936708860759,0.31645569620253167,17.0,18.58823529411765,40.0,114.0,0.0,1.0
857,143.0,86.0,815.0,5.699300699300699,0.40559440559440557,8.0,17.875,16.0,37.0,0.0,0.0
858,1075.0,151.0,2914.0,2.7106976744186047,0.05488372093023256,20.0,53.75,543.0,92.0,0.0,5.0
859,210.0,111.0,998.0,4.752380952380952,0.3619047619047619,14.0,15.0,33.0,68.0,1.0,2.0
860,6.0,6.0,24.0,4.0,1.0,1.0,6.0,2.0,2.0,1.0,0.0
861,123.0,56.0,471.0,3.8292682926829267,0.2682926829268293,5.0,24.6,30.0,30.0,0.0,1.0
862,460.0,137.0,1975.0,4.293478260869565,0.13478260869565217,25.0,18.4,75.0,128.0,0.0,5.0
863,159.0,80.0,822.0,5.169811320754717,0.3333333333333333,13.0,12.23076923076923,40.0,32.0,0.0,0.0
864,30.0,20.0,120.0,4.0,0.4666666666666667,2.0,15.0,12.0,3.0,0.0,0.0
865,195.0,105.0,1090.0,5.589743589743589,0.358974358974359,10.0,19.5,27.0,64.0,0.0,3.0
866,118.0,56.0,374.0,3.169491525423729,0.2627118644067797,6.0,19.666666666666668,42.0,33.0,0.0,0.0
867,207.0,127.0,1092.0,5.27536231884058,0.4782608695652174,17.0,12.176470588235293,28.0,66.0,1.0,7.0
868,1343.0,264.0,4320.0,3.2166790766939686,0.09977661950856292,41.0,32.75609756097561,510.0,154.0,0.0,17.0
869,530.0,157.0,1665.0,3.141509433962264,0.15849056603773584,33.0,16.060606060606062,163.0,105.0,1.0,6.0
870,1.0,1.0,3.0,3.0,1.0,1.0,1.0,0.0,0.0,0.0,0.0
871,749.0,280.0,4151.0,5.542056074766355,0.22429906542056074,46.0,16.282608695652176,109.0,207.0,3.0,5.0
872,182.0,95.0,986.0,5.417582417582418,0.36813186813186816,15.0,12.133333333333333,23.0,58.0,0.0,3.0
873,245.0,135.0,1212.0,4.946938775510204,0.42857142857142855,17.0,14.411764705882353,40.0,66.0,1.0,2.0
874,131.0,60.0,514.0,3.9236641221374047,0.2366412213740458,7.0,18.714285714285715,41.0,29.0,0.0,2.0
875,862.0,168.0,2725.0,3.1612529002320184,0.07540603248259861,24.0,35.916666666666664,372.0,174.0,0.0,10.0
876,636.0,176.0,2301.0,3.6179245283018866,0.14622641509433962,36.0,17.666666666666668,185.0,143.0,0.0,6.0
877,464.0,113.0,1661.0,3.5797413793103448,0.10344827586206896,18.0,25.77777777777778,134.0,117.0,0.0,6.0
878,262.0,137.0,1425.0,5.438931297709924,0.3244274809160305,15.0,17.466666666666665,44.0,68.0,0.0,3.0
879,186.0,72.0,678.0,3.6451612903225805,0.22580645161290322,17.0,10.941176470588236,45.0,29.0,0.0,0.0
880,246.0,90.0,877.0,3.565040650406504,0.18699186991869918,19.0,12.947368421052632,43.0,83.0,1.0,12.0
881,28.0,24.0,128.0,4.571428571428571,0.75,2.0,14.0,5.0,9.0,1.0,1.0
882,131.0,75.0,574.0,4.3816793893129775,0.4122137404580153,5.0,26.2,22.0,36.0,0.0,6.0
883,37.0,29.0,140.0,3.7837837837837838,0.6216216216216216,2.0,18.5,11.0,11.0,1.0,0.0
884,345.0,113.0,1659.0,4.808695652173913,0.15942028985507245,24.0,14.375,58.0,111.0,1.0,2.0
885,1271.0,247.0,3963.0,3.1180173092053503,0.08575924468922108,58.0,21.913793103448278,470.0,229.0,1.0,10.0
886,389.0,98.0,1414.0,3.634961439588689,0.12596401028277635,8.0,48.625,86.0,46.0,0.0,4.0
887,102.0,59.0,421.0,4.127450980392157,0.39215686274509803,8.0,12.75,23.0,32.0,0.0,3.0
888,134.0,59.0,388.0,2.8955223880597014,0.26865671641791045,6.0,22.333333333333332,42.0,26.0,0.0,2.0
889,244.0,128.0,1436.0,5.885245901639344,0.3442622950819672,16.0,15.25,30.0,69.0,1.0,2.0
890,30.0,23.0,133.0,4.433333333333334,0.5666666666666667,2.0,15.0,3.0,11.0,0.0,1.0
891,98.0,43.0,388.0,3.9591836734693877,0.25510204081632654,4.0,24.5,21.0,40.0,0.0,0.0
892,184.0,85.0,795.0,4.320652173913044,0.32608695652173914,14.0,13.142857142857142,33.0,38.0,0.0,3.0
893,735.0,261.0,4027.0,5.47891156462585,0.19863945578231293,37.0,19.864864864864863,93.0,231.0,3.0,9.0
894,33.0,23.0,151.0,4.575757575757576,0.5757575757575758,1.0,33.0,6.0,14.0,0.0,0.0
895,125.0,69.0,590.0,4.72,0.352,6.0,20.833333333333332,20.0,46.0,0.0,2.0
896,60.0,36.0,276.0,4.6,0.38333333333333336,3.0,20.0,10.0,14.0,0.0,0.0
897,202.0,70.0,776.0,3.8415841584158414,0.21287128712871287,9.0,22.444444444444443,41.0,73.0,0.0,2.0
898,290.0,123.0,1217.0,4.196551724137931,0.2517241379310345,25.0,11.6,68.0,76.0,1.0,6.0
899,94.0,53.0,349.0,3.7127659574468086,0.32978723404255317,6.0,15.666666666666666,23.0,21.0,0.0,1.0
900,66.0,41.0,283.0,4.287878787878788,0.4393939393939394,7.0,9.428571428571429,12.0,19.0,2.0,1.0
901,179.0,98.0,834.0,4.659217877094972,0.3575418994413408,13.0,13.76923076923077,29.0,60.0,0.0,3.0
902,235.0,104.0,1320.0,5.617021276595745,0.2765957446808511,15.0,15.666666666666666,36.0,78.0,2.0,0.0
903,226.0,116.0,1245.0,5.508849557522124,0.3141592920353982,12.0,18.833333333333332,50.0,58.0,0.0,1.0
904,68.0,45.0,276.0,4.0588235294117645,0.45588235294117646,3.0,22.666666666666668,14.0,24.0,2.0,0.0
905,86.0,43.0,300.0,3.488372093023256,0.27906976744186046,7.0,12.285714285714286,34.0,8.0,0.0,0.0
906,131.0,55.0,446.0,3.404580152671756,0.2366412213740458,6.0,21.833333333333332,32.0,38.0,1.0,0.0
907,1.0,1.0,3.0,3.0,1.0,1.0,1.0,0.0,0.0,0.0,0.0
908,342.0,162.0,1548.0,4.526315789473684,0.2953216374269006,36.0,9.5,67.0,74.0,1.0,9.0
909,262.0,123.0,1419.0,5.416030534351145,0.2900763358778626,14.0,18.714285714285715,31.0,84.0,0.0,5.0
910,302.0,146.0,1597.0,5.288079470198675,0.31456953642384106,19.0,15.894736842105264,43.0,86.0,2.0,9.0
911,225.0,132.0,1177.0,5.231111111111111,0.4177777777777778,15.0,15.0,23.0,80.0,1.0,5.0
912,191.0,119.0,1032.0,5.403141361256544,0.4869109947643979,14.0,13.642857142857142,37.0,48.0,1.0,3.0
913,326.0,119.0,1075.0,3.2975460122699385,0.2147239263803681,22.0,14.818181818181818,101.0,73.0,1.0,6.0
914,114.0,49.0,385.0,3.3771929824561404,0.2631578947368421,9.0,12.666666666666666,30.0,15.0,0.0,0.0
915,194.0,104.0,710.0,3.6597938144329896,0.35051546391752575,16.0,12.125,56.0,46.0,0.0,5.0
916,453.0,87.0,1149.0,2.5364238410596025,0.08830022075055188,10.0,45.3,240.0,43.0,1.0,3.0
917,126.0,68.0,546.0,4.333333333333333,0.36507936507936506,9.0,14.0,24.0,32.0,0.0,2.0
918,469.0,210.0,2701.0,5.759061833688699,0.2921108742004264,28.0,16.75,60.0,149.0,0.0,7.0
919,307.0,118.0,1107.0,3.6058631921824102,0.20521172638436483,16.0,19.1875,86.0,62.0,0.0,8.0
920,475.0,140.0,1588.0,3.343157894736842,0.17473684210526316,24.0,19.791666666666668,178.0,81.0,0.0,8.0
921,316.0,142.0,1530.0,4.841772151898734,0.28164556962025317,21.0,15.047619047619047,54.0,98.0,1.0,2.0
922,1708.0,249.0,5443.0,3.186768149882904,0.05913348946135832,32.0,53.375,769.0,198.0,0.0,16.0
923,99.0,39.0,347.0,3.505050505050505,0.1919191919191919,7.0,14.142857142857142,45.0,6.0,0.0,0.0
924,146.0,66.0,562.0,3.8493150684931505,0.22602739726027396,10.0,14.6,40.0,34.0,0.0,2.0
925,22.0,20.0,118.0,5.363636363636363,0.8181818181818182,3.0,7.333333333333333,4.0,6.0,0.0,0.0
926,37.0,24.0,115.0,3.108108108108108,0.43243243243243246,3.0,12.333333333333334,13.0,4.0,1.0,0.0
927,97.0,44.0,324.0,3.3402061855670104,0.24742268041237114,5.0,19.4,34.0,16.0,0.0,0.0
928,211.0,92.0,834.0,3.9526066350710902,0.26066350710900477,18.0,11.722222222222221,53.0,42.0,0.0,1.0
929,179.0,111.0,1164.0,6.5027932960893855,0.441340782122905,11.0,16.272727272727273,21.0,42.0,1.0,1.0
930,463.0,173.0,2062.0,4.453563714902808,0.2224622030237581,27.0,17.14814814814815,95.0,134.0,4.0,0.0
931,108.0,67.0,449.0,4.157407407407407,0.4722222222222222,12.0,9.0,25.0,26.0,0.0,3.0
932,1.0,1.0,3.0,3.0,1.0,1.0,1.0,0.0,0.0,0.0,0.0
933,250.0,100.0,1018.0,4.072,0.204,11.0,22.727272727272727,40.0,76.0,0.0,1.0
934,6.0,5.0,20.0,3.3333333333333335,0.6666666666666666,1.0,6.0,3.0,1.0,0.0,0.0
935,476.0,149.0,1888.0,3.966386554621849,0.15336134453781514,29.0,16.413793103448278,112.0,126.0,0.0,13.0
936,162.0,69.0,523.0,3.228395061728395,0.29012345679012347,10.0,16.2,56.0,28.0,0.0,1.0
937,888.0,186.0,2923.0,3.2916666666666665,0.09684684684684684,38.0,23.36842105263158,347.0,153.0,1.0,14.0
938,60.0,43.0,282.0,4.7,0.6,3.0,20.0,9.0,23.0,0.0,1.0
939,152.0,47.0,368.0,2.4210526315789473,0.17763157894736842,6.0,25.333333333333332,82.0,21.0,0.0,4.0
940,258.0,104.0,973.0,3.7713178294573644,0.20930232558139536,15.0,17.2,77.0,47.0,0.0,8.0
941,511.0,226.0,2963.0,5.798434442270059,0.29549902152641877,31.0,16.483870967741936,57.0,154.0,3.0,9.0
942,1.0,1.0,3.0,3.0,1.0,1.0,1.0,0.0,0.0,0.0,0.0
943,525.0,203.0,2439.0,4.645714285714286,0.22857142857142856,40.0,13.125,110.0,118.0,0.0,2.0
944,152.0,56.0,530.0,3.486842105263158,0.23684210526315788,6.0,25.333333333333332,53.0,34.0,0.0,1.0
945,602.0,152.0,1832.0,3.043189368770764,0.11960132890365449,35.0,17.2,233.0,90.0,0.0,9.0
946,348.0,137.0,1441.0,4.140804597701149,0.22701149425287356,31.0,11.225806451612904,83.0,94.0,2.0,5.0
947,94.0,48.0,371.0,3.9468085106382977,0.3191489361702128,6.0,15.666666666666666,26.0,30.0,0.0,1.0
948,578.0,166.0,2063.0,3.569204152249135,0.1384083044982699,55.0,10.50909090909091,126.0,94.0,1.0,2.0
949,38.0,25.0,173.0,4.552631578947368,0.39473684210526316,3.0,12.666666666666666,10.0,5.0,0.0,0.0
950,38.0,26.0,146.0,3.8421052631578947,0.5263157894736842,2.0,19.0,9.0,8.0,0.0,3.0
951,167.0,92.0,728.0,4.359281437125748,0.3652694610778443,6.0,27.833333333333332,24.0,55.0,0.0,4.0
952,303.0,79.0,963.0,3.1782178217821784,0.0924092409240924,7.0,43.285714285714285,130.0,44.0,0.0,7.0
953,315.0,88.0,970.0,3.0793650793650795,0.12698412698412698,14.0,22.5,139.0,69.0,0.0,6.0
954,922.0,227.0,3409.0,3.6973969631236443,0.12472885032537961,161.0,5.726708074534161,227.0,116.0,1.0,10.0
955,620.0,171.0,2164.0,3.490322580645161,0.15483870967741936,29.0,21.379310344827587,224.0,105.0,0.0,2.0
956,371.0,196.0,1908.0,5.142857142857143,0.3611859838274933,26.0,14.26923076923077,66.0,76.0,1.0,4.0
957,234.0,102.0,913.0,3.9017094017094016,0.25213675213675213,12.0,19.5,63.0,61.0,0.0,4.0
958,4.0,4.0,10.0,2.5,1.0,1.0,4.0,2.0,1.0,0.0,0.0
959,247.0,93.0,1305.0,5.283400809716599,0.17813765182186234,9.0,27.444444444444443,53.0,74.0,0.0,0.0
960,187.0,97.0,902.0,4.823529411764706,0.33689839572192515,17.0,11.0,27.0,61.0,3.0,6.0
961,145.0,68.0,413.0,2.8482758620689657,0.3103448275862069,12.0,12.083333333333334,57.0,14.0,1.0,1.0
962,66.0,29.0,254.0,3.8484848484848486,0.22727272727272727,3.0,22.0,17.0,15.0,1.0,0.0
963,372.0,107.0,1410.0,3.7903225806451615,0.12903225806451613,24.0,15.5,90.0,124.0,2.0,8.0
964,1.0,1.0,3.0,3.0,1.0,1.0,1.0,0.0,0.0,0.0,0.0
965,211.0,102.0,939.0,4.450236966824645,0.3222748815165877,12.0,17.583333333333332,43.0,51.0,0.0,1.0
966,195.0,110.0,979.0,5.02051282051282,0.358974358974359,18.0,10.833333333333334,33.0,53.0,3.0,3.0
967,130.0,62.0,589.0,4.530769230769231,0.2923076923076923,6.0,21.666666666666668,14.0,55.0,0.0,1.0
968,185.0,123.0,995.0,5.378378378378378,0.5459459459459459,13.0,14.23076923076923,27.0,59.0,0.0,5.0
969,1.0,1.0,3.0,3.0,1.0,1.0,1.0,0.0,0.0,0.0,0.0
970,301.0,172.0,1772.0,5.887043189368771,0.45514950166112955,22.0,13.681818181818182,45.0,88.0,0.0,5.0
971,140.0,86.0,830.0,5.928571428571429,0.4142857142857143,10.0,14.0,18.0,45.0,2.0,2.0
972,395.0,84.0,1121.0,2.837974683544304,0.10126582278481013,12.0,32.916666666666664,180.0,39.0,0.0,7.0
973,1.0,1.0,3.0,3.0,1.0,1.0,1.0,0.0,0.0,0.0,0.0
974,1.0,1.0,3.0,3.0,1.0,1.0,1.0,0.0,0.0,0.0,0.0
975,24.0,21.0,117.0,4.875,0.75,1.0,24.0,6.0,8.0,0.0,1.0
976,83.0,34.0,217.0,2.6144578313253013,0.21686746987951808,2.0,41.5,32.0,11.0,0.0,0.0
977,42.0,23.0,163.0,3.880952380952381,0.2619047619047619,5.0,8.4,8.0,8.0,1.0,1.0
978,17.0,13.0,67.0,3.9411764705882355,0.6470588235294118,2.0,8.5,5.0,4.0,0.0,0.0
979,155.0,87.0,653.0,4.212903225806452,0.3548387096774194,11.0,14.090909090909092,31.0,46.0,1.0,5.0
980,315.0,167.0,1541.0,4.8920634920634924,0.3873015873015873,27.0,11.666666666666666,42.0,111.0,1.0,3.0
981,12.0,11.0,39.0,3.25,0.8333333333333334,1.0,12.0,5.0,1.0,0.0,0.0
982,461.0,220.0,2699.0,5.854663774403471,0.29718004338394793,25.0,18.44,60.0,143.0,0.0,1.0
983,83.0,46.0,365.0,4.397590361445783,0.3132530120481928,3.0,27.666666666666668,11.0,28.0,1.0,0.0
984,82.0,43.0,317.0,3.8658536585365852,0.3048780487804878,4.0,20.5,18.0,25.0,0.0,2.0
985,629.0,155.0,2089.0,3.3211446740858506,0.11287758346581876,31.0,20.29032258064516,228.0,90.0,0.0,2.0
986,4.0,4.0,14.0,3.5,1.0,1.0,4.0,2.0,0.0,0.0,0.0
987,100.0,54.0,423.0,4.23,0.32,7.0,14.285714285714286,25.0,20.0,0.0,2.0
988,108.0,60.0,487.0,4.5092592592592595,0.37962962962962965,7.0,15.428571428571429,18.0,35.0,0.0,1.0
989,105.0,53.0,376.0,3.580952380952381,0.2857142857142857,6.0,17.5,41.0,18.0,0.0,1.0
990,474.0,119.0,1552.0,3.2742616033755274,0.12025316455696203,23.0,20.608695652173914,155.0,83.0,0.0,5.0
991,331.0,156.0,1351.0,4.081570996978852,0.31722054380664655,41.0,8.073170731707316,93.0,51.0,0.0,6.0
992,287.0,138.0,1150.0,4.006968641114983,0.3170731707317073,21.0,13.666666666666666,64.0,90.0,1.0,8.0
993,131.0,55.0,574.0,4.3816793893129775,0.2366412213740458,8.0,16.375,32.0,37.0,0.0,1.0
994,210.0,91.0,759.0,3.6142857142857143,0.23333333333333334,19.0,11.052631578947368,56.0,22.0,0.0,2.0
995,474.0,204.0,2686.0,5.666666666666667,0.26371308016877637,29.0,16.344827586206897,54.0,152.0,1.0,7.0
996,50.0,36.0,225.0,4.5,0.56,3.0,16.666666666666668,11.0,14.0,0.0,0.0
997,881.0,244.0,3747.0,4.2531214528944385,0.1362088535754824,57.0,15.456140350877194,213.0,213.0,3.0,2.0
998,22.0,17.0,82.0,3.727272727272727,0.5454545454545454,2.0,11.0,4.0,8.0,1.0,1.0
999,435.0,138.0,1642.0,3.774712643678161,0.14942528735632185,26.0,16.73076923076923,137.0,98.0,0.0,8.0
